"sheet","Name","Region","value","unit","impact"
"Sheet1","electricity production, wind, 1-3MW turbine, offshore","RoW",4.02652418224716e-05,"kg PM2.5eq/kWh","Human Health Particulate Air"
"Sheet10","electricity production, wind, 1-3MW turbine, onshore","US-ASCC",3.51630345420061e-05,"kg PM2.5eq/kWh","Human Health Particulate Air"
"Sheet101","electricity production, oil","US-RFC",0.000773015388307899,"kg PM2.5eq/kWh","Human Health Particulate Air"
"Sheet102","electricity production, hard coal","US-RFC",0.000562238545895975,"kg PM2.5eq/kWh","Human Health Particulate Air"
"Sheet105","electricity production, photovoltaic, 3kWp slanted-roof installation, multi-Si, panel, mounted","US-SERC",0.000136117099244439,"kg PM2.5eq/kWh","Human Health Particulate Air"
"Sheet106","electricity production, oil","US-SERC",0.000649982909087724,"kg PM2.5eq/kWh","Human Health Particulate Air"
"Sheet107","electricity production, deep geothermal","US-SERC",0.00016287796119091,"kg PM2.5eq/kWh","Human Health Particulate Air"
"Sheet108","electricity production, nuclear, boiling water reactor","US-SERC",4.57349560760308e-05,"kg PM2.5eq/kWh","Human Health Particulate Air"
"Sheet109","electricity production, natural gas, conventional power plant","US-SERC",7.50116733321051e-05,"kg PM2.5eq/kWh","Human Health Particulate Air"
"Sheet11","electricity production, hydro, reservoir, alpine region","US-ASCC",1.94528201997914e-05,"kg PM2.5eq/kWh","Human Health Particulate Air"
"Sheet111","electricity production, wind, 1-3MW turbine, onshore","US-SERC",3.51630345420061e-05,"kg PM2.5eq/kWh","Human Health Particulate Air"
"Sheet112","electricity production, solar thermal parabolic trough, 50 MW","US-SERC",5.38634114572044e-05,"kg PM2.5eq/kWh","Human Health Particulate Air"
"Sheet113","electricity production, wind, <1MW turbine, onshore","US-SERC",3.62372813688228e-05,"kg PM2.5eq/kWh","Human Health Particulate Air"
"Sheet114","electricity production, nuclear, pressure water reactor","US-SERC",4.33683963264142e-05,"kg PM2.5eq/kWh","Human Health Particulate Air"
"Sheet115","electricity production, wind, >3MW turbine, onshore","US-SERC",6.80498236210559e-05,"kg PM2.5eq/kWh","Human Health Particulate Air"
"Sheet116","electricity production, lignite","US-SERC",0.0103191609914999,"kg PM2.5eq/kWh","Human Health Particulate Air"
"Sheet119","electricity production, hydro, pumped storage","US-SERC",0.00078446133569863,"kg PM2.5eq/kWh","Human Health Particulate Air"
"Sheet12","electricity production, hard coal","US-ASCC",0.000816451118337769,"kg PM2.5eq/kWh","Human Health Particulate Air"
"Sheet120","electricity production, photovoltaic, 570kWp open ground installation, multi-Si","US-SERC",0.000131115754999043,"kg PM2.5eq/kWh","Human Health Particulate Air"
"Sheet121","electricity production, hydro, reservoir, alpine region","US-SERC",1.94528201997914e-05,"kg PM2.5eq/kWh","Human Health Particulate Air"
"Sheet123","electricity production, hydro, reservoir, non-alpine region","US-SERC",1.94276367281098e-05,"kg PM2.5eq/kWh","Human Health Particulate Air"
"Sheet124","electricity production, natural gas, combined cycle power plant","US-SERC",4.33156873326766e-05,"kg PM2.5eq/kWh","Human Health Particulate Air"
"Sheet125","electricity production, hydro, run-of-river","US-SERC",2.62836966902711e-05,"kg PM2.5eq/kWh","Human Health Particulate Air"
"Sheet126","electricity production, photovoltaic, 3kWp slanted-roof installation, single-Si, panel, mounted","US-SERC",0.000156897187230327,"kg PM2.5eq/kWh","Human Health Particulate Air"
"Sheet127","electricity production, hard coal","US-SERC",0.00058566901809399,"kg PM2.5eq/kWh","Human Health Particulate Air"
"Sheet128","electricity production, wind, <1MW turbine, onshore","US-TRE",3.62372813688228e-05,"kg PM2.5eq/kWh","Human Health Particulate Air"
"Sheet129","electricity production, hydro, pumped storage","US-TRE",0.00180009307641935,"kg PM2.5eq/kWh","Human Health Particulate Air"
"Sheet13","electricity production, hydro, pumped storage","US-ASCC",0.00190530774210496,"kg PM2.5eq/kWh","Human Health Particulate Air"
"Sheet130","electricity production, natural gas, combined cycle power plant","US-TRE",4.07857047277166e-05,"kg PM2.5eq/kWh","Human Health Particulate Air"
"Sheet131","electricity production, photovoltaic, 3kWp slanted-roof installation, single-Si, panel, mounted","US-TRE",0.000155983476489385,"kg PM2.5eq/kWh","Human Health Particulate Air"
"Sheet136","electricity production, oil","US-TRE",0.000695962407479782,"kg PM2.5eq/kWh","Human Health Particulate Air"
"Sheet137","electricity production, wind, >3MW turbine, onshore","US-TRE",6.80498236210559e-05,"kg PM2.5eq/kWh","Human Health Particulate Air"
"Sheet138","electricity production, hydro, run-of-river","US-TRE",2.62836966902711e-05,"kg PM2.5eq/kWh","Human Health Particulate Air"
"Sheet139","electricity production, nuclear, pressure water reactor","US-TRE",4.33683963264142e-05,"kg PM2.5eq/kWh","Human Health Particulate Air"
"Sheet14","electricity production, wind, <1MW turbine, onshore","US-ASCC",3.62372813688228e-05,"kg PM2.5eq/kWh","Human Health Particulate Air"
"Sheet140","electricity production, hard coal","US-TRE",0.000674706869003457,"kg PM2.5eq/kWh","Human Health Particulate Air"
"Sheet141","electricity production, nuclear, boiling water reactor","US-TRE",4.57349560760308e-05,"kg PM2.5eq/kWh","Human Health Particulate Air"
"Sheet142","electricity production, wind, 1-3MW turbine, onshore","US-TRE",3.51630345420061e-05,"kg PM2.5eq/kWh","Human Health Particulate Air"
"Sheet143","electricity production, photovoltaic, 3kWp slanted-roof installation, multi-Si, panel, mounted","US-TRE",0.000135324403990936,"kg PM2.5eq/kWh","Human Health Particulate Air"
"Sheet144","electricity, high voltage, import from MX","US-TRE",0.000651308855172346,"kg PM2.5eq/kWh","Human Health Particulate Air"
"Sheet145","electricity production, lignite","US-TRE",0.0103425897676806,"kg PM2.5eq/kWh","Human Health Particulate Air"
"Sheet146","electricity production, natural gas, conventional power plant","US-TRE",6.4359911292612e-05,"kg PM2.5eq/kWh","Human Health Particulate Air"
"Sheet149","electricity production, hydro, reservoir, non-alpine region","US-TRE",1.94276367281098e-05,"kg PM2.5eq/kWh","Human Health Particulate Air"
"Sheet15","electricity production, wind, >3MW turbine, onshore","US-ASCC",6.80498236210559e-05,"kg PM2.5eq/kWh","Human Health Particulate Air"
"Sheet150","electricity production, nuclear, pressure water reactor","US-WECC",4.33683963264142e-05,"kg PM2.5eq/kWh","Human Health Particulate Air"
"Sheet151","electricity production, wind, 1-3MW turbine, onshore","US-WECC",3.51630345420061e-05,"kg PM2.5eq/kWh","Human Health Particulate Air"
"Sheet152","electricity production, lignite","US-WECC",0.0102315537676806,"kg PM2.5eq/kWh","Human Health Particulate Air"
"Sheet153","electricity production, hydro, reservoir, alpine region","US-WECC",1.94528201997914e-05,"kg PM2.5eq/kWh","Human Health Particulate Air"
"Sheet154","electricity production, solar tower power plant, 20 MW","US-WECC",4.59818605682255e-05,"kg PM2.5eq/kWh","Human Health Particulate Air"
"Sheet155","electricity, high voltage, import from CA-BC","US-WECC",0.000152424843771851,"kg PM2.5eq/kWh","Human Health Particulate Air"
"Sheet156","electricity production, photovoltaic, 3kWp slanted-roof installation, single-Si, panel, mounted","US-WECC",0.000130474696409353,"kg PM2.5eq/kWh","Human Health Particulate Air"
"Sheet157","electricity, high voltage, import from CA-AB","US-WECC",0.000240584898841239,"kg PM2.5eq/kWh","Human Health Particulate Air"
"Sheet158","electricity production, wind, <1MW turbine, onshore","US-WECC",3.62372813688228e-05,"kg PM2.5eq/kWh","Human Health Particulate Air"
"Sheet161","electricity production, natural gas, combined cycle power plant","US-WECC",3.9439465802608e-05,"kg PM2.5eq/kWh","Human Health Particulate Air"
"Sheet162","electricity production, solar thermal parabolic trough, 50 MW","US-WECC",5.38634114572044e-05,"kg PM2.5eq/kWh","Human Health Particulate Air"
"Sheet163","electricity production, hydro, run-of-river","US-WECC",2.62836966902711e-05,"kg PM2.5eq/kWh","Human Health Particulate Air"
"Sheet164","electricity production, deep geothermal","US-WECC",0.00016287796119091,"kg PM2.5eq/kWh","Human Health Particulate Air"
"Sheet165","electricity, high voltage, import from MX","US-WECC",0.000651308855172346,"kg PM2.5eq/kWh","Human Health Particulate Air"
"Sheet166","electricity production, hard coal","US-WECC",0.000496541278663032,"kg PM2.5eq/kWh","Human Health Particulate Air"
"Sheet168","electricity production, photovoltaic, 570kWp open ground installation, multi-Si","US-WECC",0.000109035022424395,"kg PM2.5eq/kWh","Human Health Particulate Air"
"Sheet169","electricity production, nuclear, boiling water reactor","US-WECC",4.57349560760308e-05,"kg PM2.5eq/kWh","Human Health Particulate Air"
"Sheet172","electricity production, photovoltaic, 3kWp slanted-roof installation, multi-Si, panel, mounted","US-WECC",0.000113194108279127,"kg PM2.5eq/kWh","Human Health Particulate Air"
"Sheet173","electricity production, natural gas, conventional power plant","US-WECC",5.99440391744529e-05,"kg PM2.5eq/kWh","Human Health Particulate Air"
"Sheet174","electricity production, hydro, pumped storage","US-WECC",0.00166684249564945,"kg PM2.5eq/kWh","Human Health Particulate Air"
"Sheet175","electricity production, wind, >3MW turbine, onshore","US-WECC",6.80498236210559e-05,"kg PM2.5eq/kWh","Human Health Particulate Air"
"Sheet176","electricity production, oil","US-WECC",0.00117632776481637,"kg PM2.5eq/kWh","Human Health Particulate Air"
"Sheet178","electricity voltage transformation from medium to low voltage","US-ASCC",0.00135787594860744,"kg PM2.5eq/kWh","Human Health Particulate Air"
"Sheet179","electricity voltage transformation from medium to low voltage","US-HICC",0.00187161897433984,"kg PM2.5eq/kWh","Human Health Particulate Air"
"Sheet180","electricity voltage transformation from medium to low voltage","US-MRO",0.0024388494187824,"kg PM2.5eq/kWh","Human Health Particulate Air"
"Sheet181","electricity voltage transformation from medium to low voltage","US-NPCC",6.25549982087954e-05,"kg PM2.5eq/kWh","Human Health Particulate Air"
"Sheet182","electricity voltage transformation from medium to low voltage","US-PR",0.000600056617136728,"kg PM2.5eq/kWh","Human Health Particulate Air"
"Sheet183","electricity voltage transformation from medium to low voltage","US-RFC",0.000502017885048323,"kg PM2.5eq/kWh","Human Health Particulate Air"
"Sheet184","electricity voltage transformation from medium to low voltage","US-SERC",0.000552639106239519,"kg PM2.5eq/kWh","Human Health Particulate Air"
"Sheet185","electricity voltage transformation from medium to low voltage","US-TRE",0.00128297890476251,"kg PM2.5eq/kWh","Human Health Particulate Air"
"Sheet186","electricity voltage transformation from medium to low voltage","US-WECC",0.00118854199330759,"kg PM2.5eq/kWh","Human Health Particulate Air"
"Sheet187","electricity, from municipal waste incineration to generic market for electricity, medium voltage","RoW",4.1250125871987e-06,"kg PM2.5eq/kWh","Human Health Particulate Air"
"Sheet188","electricity production, wood, future","GLO",0.000109155018052866,"kg PM2.5eq/kWh","Human Health Particulate Air"
"Sheet19","electricity production, oil","US-ASCC",0.000526628488384944,"kg PM2.5eq/kWh","Human Health Particulate Air"
"Sheet20","electricity production, wind, >3MW turbine, onshore","US-HICC",6.80498236210559e-05,"kg PM2.5eq/kWh","Human Health Particulate Air"
"Sheet21","electricity production, deep geothermal","US-HICC",0.00016287796119091,"kg PM2.5eq/kWh","Human Health Particulate Air"
"Sheet22","electricity production, wind, 1-3MW turbine, onshore","US-HICC",3.51630345420061e-05,"kg PM2.5eq/kWh","Human Health Particulate Air"
"Sheet24","electricity production, hydro, pumped storage","US-HICC",0.00274731811802642,"kg PM2.5eq/kWh","Human Health Particulate Air"
"Sheet25","electricity production, photovoltaic, 3kWp slanted-roof installation, multi-Si, panel, mounted","US-HICC",0.000135324403990936,"kg PM2.5eq/kWh","Human Health Particulate Air"
"Sheet26","electricity production, photovoltaic, 570kWp open ground installation, multi-Si","US-HICC",0.000130352185710363,"kg PM2.5eq/kWh","Human Health Particulate Air"
"Sheet27","electricity production, wind, <1MW turbine, onshore","US-HICC",3.62372813688228e-05,"kg PM2.5eq/kWh","Human Health Particulate Air"
"Sheet28","electricity production, hard coal","US-HICC",0.000670591038980297,"kg PM2.5eq/kWh","Human Health Particulate Air"
"Sheet29","electricity production, lignite","US-HICC",0.0103982862333431,"kg PM2.5eq/kWh","Human Health Particulate Air"
"Sheet30","electricity production, hydro, run-of-river","US-HICC",2.62836966902711e-05,"kg PM2.5eq/kWh","Human Health Particulate Air"
"Sheet31","electricity production, oil","US-HICC",0.000586569942347457,"kg PM2.5eq/kWh","Human Health Particulate Air"
"Sheet32","electricity production, hydro, reservoir, non-alpine region","US-HICC",1.94276367281098e-05,"kg PM2.5eq/kWh","Human Health Particulate Air"
"Sheet33","electricity production, photovoltaic, 3kWp slanted-roof installation, single-Si, panel, mounted","US-HICC",0.000155983476489385,"kg PM2.5eq/kWh","Human Health Particulate Air"
"Sheet37","electricity production, nuclear, pressure water reactor","US-MRO",4.33683963264142e-05,"kg PM2.5eq/kWh","Human Health Particulate Air"
"Sheet39","electricity, high voltage, import from CA-MB","US-MRO",3.61275471550165e-05,"kg PM2.5eq/kWh","Human Health Particulate Air"
"Sheet4","electricity production, lignite","US-ASCC",0.0103554920136935,"kg PM2.5eq/kWh","Human Health Particulate Air"
"Sheet42","electricity production, oil","US-MRO",0.00080164558787486,"kg PM2.5eq/kWh","Human Health Particulate Air"
"Sheet43","electricity, high voltage, import from CA-SK","US-MRO",0.000179693858527589,"kg PM2.5eq/kWh","Human Health Particulate Air"
"Sheet44","electricity production, wind, 1-3MW turbine, onshore","US-MRO",3.51630345420061e-05,"kg PM2.5eq/kWh","Human Health Particulate Air"
"Sheet45","electricity production, natural gas, combined cycle power plant","US-MRO",4.16418521789654e-05,"kg PM2.5eq/kWh","Human Health Particulate Air"
"Sheet46","electricity production, hydro, run-of-river","US-MRO",2.62836966902711e-05,"kg PM2.5eq/kWh","Human Health Particulate Air"
"Sheet47","electricity production, wind, <1MW turbine, onshore","US-MRO",3.62372813688228e-05,"kg PM2.5eq/kWh","Human Health Particulate Air"
"Sheet48","electricity production, lignite","US-MRO",0.0103358933817266,"kg PM2.5eq/kWh","Human Health Particulate Air"
"Sheet49","electricity production, hydro, reservoir, alpine region","US-MRO",1.94528201997914e-05,"kg PM2.5eq/kWh","Human Health Particulate Air"
"Sheet51","electricity production, hard coal","US-MRO",0.000693119673343564,"kg PM2.5eq/kWh","Human Health Particulate Air"
"Sheet52","electricity production, natural gas, conventional power plant","US-MRO",6.88453109711072e-05,"kg PM2.5eq/kWh","Human Health Particulate Air"
"Sheet53","electricity production, hydro, pumped storage","US-MRO",0.00341608503671368,"kg PM2.5eq/kWh","Human Health Particulate Air"
"Sheet54","electricity production, nuclear, boiling water reactor","US-MRO",4.57349560760308e-05,"kg PM2.5eq/kWh","Human Health Particulate Air"
"Sheet55","electricity production, wind, >3MW turbine, onshore","US-MRO",6.80498236210559e-05,"kg PM2.5eq/kWh","Human Health Particulate Air"
"Sheet56","electricity production, nuclear, boiling water reactor","US-NPCC",4.57349560760308e-05,"kg PM2.5eq/kWh","Human Health Particulate Air"
"Sheet57","electricity production, lignite","US-NPCC",0.0103999746318028,"kg PM2.5eq/kWh","Human Health Particulate Air"
"Sheet58","electricity production, photovoltaic, 570kWp open ground installation, multi-Si","US-NPCC",0.000131115754999043,"kg PM2.5eq/kWh","Human Health Particulate Air"
"Sheet59","electricity production, wind, <1MW turbine, onshore","US-NPCC",3.62372813688228e-05,"kg PM2.5eq/kWh","Human Health Particulate Air"
"Sheet6","electricity voltage transformation from high to medium voltage","US-ASCC",0.00132408114535577,"kg PM2.5eq/kWh","Human Health Particulate Air"
"Sheet63","electricity production, hydro, reservoir, alpine region","US-NPCC",1.94528201997914e-05,"kg PM2.5eq/kWh","Human Health Particulate Air"
"Sheet64","electricity production, hydro, run-of-river","US-NPCC",2.62836966902711e-05,"kg PM2.5eq/kWh","Human Health Particulate Air"
"Sheet65","electricity production, wind, 1-3MW turbine, onshore","US-NPCC",3.51630345420061e-05,"kg PM2.5eq/kWh","Human Health Particulate Air"
"Sheet67","electricity, high voltage, import from CA-NS","US-NPCC",0.000620228519223111,"kg PM2.5eq/kWh","Human Health Particulate Air"
"Sheet68","electricity production, hard coal","US-NPCC",0.000649506268947864,"kg PM2.5eq/kWh","Human Health Particulate Air"
"Sheet69","electricity production, oil","US-NPCC",0.000746359685262801,"kg PM2.5eq/kWh","Human Health Particulate Air"
"Sheet7","electricity production, natural gas, combined cycle power plant","US-ASCC",4.76154684667828e-05,"kg PM2.5eq/kWh","Human Health Particulate Air"
"Sheet70","electricity production, photovoltaic, 3kWp slanted-roof installation, single-Si, panel, mounted","US-NPCC",0.000156897187230327,"kg PM2.5eq/kWh","Human Health Particulate Air"
"Sheet72","electricity production, natural gas, conventional power plant","US-NPCC",6.52488579892525e-05,"kg PM2.5eq/kWh","Human Health Particulate Air"
"Sheet73","electricity production, nuclear, pressure water reactor","US-NPCC",4.33683963264142e-05,"kg PM2.5eq/kWh","Human Health Particulate Air"
"Sheet74","electricity, high voltage, import from CA-NB","US-NPCC",0.000880215157910993,"kg PM2.5eq/kWh","Human Health Particulate Air"
"Sheet75","electricity production, photovoltaic, 3kWp slanted-roof installation, multi-Si, panel, mounted","US-NPCC",0.000136117099244439,"kg PM2.5eq/kWh","Human Health Particulate Air"
"Sheet77","electricity, high voltage, import from CA-ON","US-NPCC",5.94956650780883e-05,"kg PM2.5eq/kWh","Human Health Particulate Air"
"Sheet78","electricity production, wind, >3MW turbine, onshore","US-NPCC",6.80498236210559e-05,"kg PM2.5eq/kWh","Human Health Particulate Air"
"Sheet79","electricity production, hydro, pumped storage","US-NPCC",0.000100322494882862,"kg PM2.5eq/kWh","Human Health Particulate Air"
"Sheet8","electricity production, hydro, run-of-river","US-ASCC",2.62836966902711e-05,"kg PM2.5eq/kWh","Human Health Particulate Air"
"Sheet80","electricity production, natural gas, combined cycle power plant","US-NPCC",4.12090220786119e-05,"kg PM2.5eq/kWh","Human Health Particulate Air"
"Sheet81","electricity production, hydro, pumped storage","US-RFC",0.000714475762145709,"kg PM2.5eq/kWh","Human Health Particulate Air"
"Sheet82","electricity production, wind, >3MW turbine, onshore","US-RFC",6.80498236210559e-05,"kg PM2.5eq/kWh","Human Health Particulate Air"
"Sheet85","electricity production, natural gas, combined cycle power plant","US-RFC",4.07857047277166e-05,"kg PM2.5eq/kWh","Human Health Particulate Air"
"Sheet86","electricity production, photovoltaic, 3kWp slanted-roof installation, multi-Si, panel, mounted","US-RFC",0.000136117099244439,"kg PM2.5eq/kWh","Human Health Particulate Air"
"Sheet87","electricity production, photovoltaic, 3kWp slanted-roof installation, single-Si, panel, mounted","US-RFC",0.000156897187230327,"kg PM2.5eq/kWh","Human Health Particulate Air"
"Sheet88","electricity production, wind, 1-3MW turbine, onshore","US-RFC",3.51630345420061e-05,"kg PM2.5eq/kWh","Human Health Particulate Air"
"Sheet89","electricity production, wind, <1MW turbine, onshore","US-RFC",3.62372813688228e-05,"kg PM2.5eq/kWh","Human Health Particulate Air"
"Sheet9","electricity production, natural gas, conventional power plant","US-ASCC",9.7356535005498e-05,"kg PM2.5eq/kWh","Human Health Particulate Air"
"Sheet90","electricity production, lignite","US-RFC",0.010353927185254,"kg PM2.5eq/kWh","Human Health Particulate Air"
"Sheet92","electricity production, natural gas, conventional power plant","US-RFC",6.4342992312442e-05,"kg PM2.5eq/kWh","Human Health Particulate Air"
"Sheet93","electricity production, nuclear, pressure water reactor","US-RFC",4.33683963264142e-05,"kg PM2.5eq/kWh","Human Health Particulate Air"
"Sheet94","electricity production, photovoltaic, 570kWp open ground installation, multi-Si","US-RFC",0.000131115754999043,"kg PM2.5eq/kWh","Human Health Particulate Air"
"Sheet95","electricity production, hydro, reservoir, alpine region","US-RFC",1.94528201997914e-05,"kg PM2.5eq/kWh","Human Health Particulate Air"
"Sheet96","electricity production, hydro, run-of-river","US-RFC",2.62836966902711e-05,"kg PM2.5eq/kWh","Human Health Particulate Air"
"Sheet98","electricity production, nuclear, boiling water reactor","US-RFC",4.57349560760308e-05,"kg PM2.5eq/kWh","Human Health Particulate Air"
"Sheet1","electricity production, wind, 1-3MW turbine, offshore","RoW",2.68482996834461e-10,"kg CFC11eq/kWh","Ozone depletion"
"Sheet10","electricity production, wind, 1-3MW turbine, onshore","US-ASCC",2.87011681102652e-10,"kg CFC11eq/kWh","Ozone depletion"
"Sheet101","electricity production, oil","US-RFC",1.72064171668921e-08,"kg CFC11eq/kWh","Ozone depletion"
"Sheet102","electricity production, hard coal","US-RFC",3.54225011299719e-09,"kg CFC11eq/kWh","Ozone depletion"
"Sheet105","electricity production, photovoltaic, 3kWp slanted-roof installation, multi-Si, panel, mounted","US-SERC",5.5105156734239e-09,"kg CFC11eq/kWh","Ozone depletion"
"Sheet106","electricity production, oil","US-SERC",1.44678582784678e-08,"kg CFC11eq/kWh","Ozone depletion"
"Sheet107","electricity production, deep geothermal","US-SERC",7.32049153503274e-10,"kg CFC11eq/kWh","Ozone depletion"
"Sheet108","electricity production, nuclear, boiling water reactor","US-SERC",2.86100444991801e-10,"kg CFC11eq/kWh","Ozone depletion"
"Sheet109","electricity production, natural gas, conventional power plant","US-SERC",2.53893867936223e-09,"kg CFC11eq/kWh","Ozone depletion"
"Sheet11","electricity production, hydro, reservoir, alpine region","US-ASCC",6.38484607672007e-11,"kg CFC11eq/kWh","Ozone depletion"
"Sheet111","electricity production, wind, 1-3MW turbine, onshore","US-SERC",2.87011681102652e-10,"kg CFC11eq/kWh","Ozone depletion"
"Sheet112","electricity production, solar thermal parabolic trough, 50 MW","US-SERC",1.75766476474791e-09,"kg CFC11eq/kWh","Ozone depletion"
"Sheet113","electricity production, wind, <1MW turbine, onshore","US-SERC",2.16620974097668e-10,"kg CFC11eq/kWh","Ozone depletion"
"Sheet114","electricity production, nuclear, pressure water reactor","US-SERC",1.30337903740675e-10,"kg CFC11eq/kWh","Ozone depletion"
"Sheet115","electricity production, wind, >3MW turbine, onshore","US-SERC",4.46841893300648e-10,"kg CFC11eq/kWh","Ozone depletion"
"Sheet116","electricity production, lignite","US-SERC",4.03448821359479e-10,"kg CFC11eq/kWh","Ozone depletion"
"Sheet119","electricity production, hydro, pumped storage","US-SERC",2.36686986741061e-09,"kg CFC11eq/kWh","Ozone depletion"
"Sheet12","electricity production, hard coal","US-ASCC",5.62975730919456e-09,"kg CFC11eq/kWh","Ozone depletion"
"Sheet120","electricity production, photovoltaic, 570kWp open ground installation, multi-Si","US-SERC",5.43058690892222e-09,"kg CFC11eq/kWh","Ozone depletion"
"Sheet121","electricity production, hydro, reservoir, alpine region","US-SERC",6.38484607672007e-11,"kg CFC11eq/kWh","Ozone depletion"
"Sheet123","electricity production, hydro, reservoir, non-alpine region","US-SERC",6.38770106707145e-11,"kg CFC11eq/kWh","Ozone depletion"
"Sheet124","electricity production, natural gas, combined cycle power plant","US-SERC",1.61406977882404e-09,"kg CFC11eq/kWh","Ozone depletion"
"Sheet125","electricity production, hydro, run-of-river","US-SERC",5.6854176935802e-11,"kg CFC11eq/kWh","Ozone depletion"
"Sheet126","electricity production, photovoltaic, 3kWp slanted-roof installation, single-Si, panel, mounted","US-SERC",5.24715760527531e-09,"kg CFC11eq/kWh","Ozone depletion"
"Sheet127","electricity production, hard coal","US-SERC",3.85108854187794e-09,"kg CFC11eq/kWh","Ozone depletion"
"Sheet128","electricity production, wind, <1MW turbine, onshore","US-TRE",2.16620974097668e-10,"kg CFC11eq/kWh","Ozone depletion"
"Sheet129","electricity production, hydro, pumped storage","US-TRE",1.86808286937762e-09,"kg CFC11eq/kWh","Ozone depletion"
"Sheet13","electricity production, hydro, pumped storage","US-ASCC",4.17553933059046e-09,"kg CFC11eq/kWh","Ozone depletion"
"Sheet130","electricity production, natural gas, combined cycle power plant","US-TRE",1.5144626700471e-09,"kg CFC11eq/kWh","Ozone depletion"
"Sheet131","electricity production, photovoltaic, 3kWp slanted-roof installation, single-Si, panel, mounted","US-TRE",5.21660011506158e-09,"kg CFC11eq/kWh","Ozone depletion"
"Sheet136","electricity production, oil","US-TRE",1.54913080602244e-08,"kg CFC11eq/kWh","Ozone depletion"
"Sheet137","electricity production, wind, >3MW turbine, onshore","US-TRE",4.46841893300648e-10,"kg CFC11eq/kWh","Ozone depletion"
"Sheet138","electricity production, hydro, run-of-river","US-TRE",5.6854176935802e-11,"kg CFC11eq/kWh","Ozone depletion"
"Sheet139","electricity production, nuclear, pressure water reactor","US-TRE",1.30337903740675e-10,"kg CFC11eq/kWh","Ozone depletion"
"Sheet14","electricity production, wind, <1MW turbine, onshore","US-ASCC",2.16620974097668e-10,"kg CFC11eq/kWh","Ozone depletion"
"Sheet140","electricity production, hard coal","US-TRE",3.90035373478223e-09,"kg CFC11eq/kWh","Ozone depletion"
"Sheet141","electricity production, nuclear, boiling water reactor","US-TRE",2.86100444991801e-10,"kg CFC11eq/kWh","Ozone depletion"
"Sheet142","electricity production, wind, 1-3MW turbine, onshore","US-TRE",2.87011681102652e-10,"kg CFC11eq/kWh","Ozone depletion"
"Sheet143","electricity production, photovoltaic, 3kWp slanted-roof installation, multi-Si, panel, mounted","US-TRE",5.47842448397804e-09,"kg CFC11eq/kWh","Ozone depletion"
"Sheet144","electricity, high voltage, import from MX","US-TRE",1.24018528715531e-08,"kg CFC11eq/kWh","Ozone depletion"
"Sheet145","electricity production, lignite","US-TRE",3.91688129287619e-10,"kg CFC11eq/kWh","Ozone depletion"
"Sheet146","electricity production, natural gas, conventional power plant","US-TRE",2.19370055865576e-09,"kg CFC11eq/kWh","Ozone depletion"
"Sheet149","electricity production, hydro, reservoir, non-alpine region","US-TRE",6.38770106707145e-11,"kg CFC11eq/kWh","Ozone depletion"
"Sheet15","electricity production, wind, >3MW turbine, onshore","US-ASCC",4.46841893300648e-10,"kg CFC11eq/kWh","Ozone depletion"
"Sheet150","electricity production, nuclear, pressure water reactor","US-WECC",1.30337903740675e-10,"kg CFC11eq/kWh","Ozone depletion"
"Sheet151","electricity production, wind, 1-3MW turbine, onshore","US-WECC",2.87011681102652e-10,"kg CFC11eq/kWh","Ozone depletion"
"Sheet152","electricity production, lignite","US-WECC",3.91688129287619e-10,"kg CFC11eq/kWh","Ozone depletion"
"Sheet153","electricity production, hydro, reservoir, alpine region","US-WECC",6.38484607672007e-11,"kg CFC11eq/kWh","Ozone depletion"
"Sheet154","electricity production, solar tower power plant, 20 MW","US-WECC",1.00932142014141e-09,"kg CFC11eq/kWh","Ozone depletion"
"Sheet155","electricity, high voltage, import from CA-BC","US-WECC",3.29956195059972e-10,"kg CFC11eq/kWh","Ozone depletion"
"Sheet156","electricity production, photovoltaic, 3kWp slanted-roof installation, single-Si, panel, mounted","US-WECC",4.36350267105358e-09,"kg CFC11eq/kWh","Ozone depletion"
"Sheet157","electricity, high voltage, import from CA-AB","US-WECC",2.1672540544599e-09,"kg CFC11eq/kWh","Ozone depletion"
"Sheet158","electricity production, wind, <1MW turbine, onshore","US-WECC",2.16620974097668e-10,"kg CFC11eq/kWh","Ozone depletion"
"Sheet161","electricity production, natural gas, combined cycle power plant","US-WECC",1.461460342367e-09,"kg CFC11eq/kWh","Ozone depletion"
"Sheet162","electricity production, solar thermal parabolic trough, 50 MW","US-WECC",1.75766476474791e-09,"kg CFC11eq/kWh","Ozone depletion"
"Sheet163","electricity production, hydro, run-of-river","US-WECC",5.6854176935802e-11,"kg CFC11eq/kWh","Ozone depletion"
"Sheet164","electricity production, deep geothermal","US-WECC",7.32049153503274e-10,"kg CFC11eq/kWh","Ozone depletion"
"Sheet165","electricity, high voltage, import from MX","US-WECC",1.24018528715531e-08,"kg CFC11eq/kWh","Ozone depletion"
"Sheet166","electricity production, hard coal","US-WECC",3.29146149532445e-09,"kg CFC11eq/kWh","Ozone depletion"
"Sheet168","electricity production, photovoltaic, 570kWp open ground installation, multi-Si","US-WECC",4.51604130561033e-09,"kg CFC11eq/kWh","Ozone depletion"
"Sheet169","electricity production, nuclear, boiling water reactor","US-WECC",2.86100444991801e-10,"kg CFC11eq/kWh","Ozone depletion"
"Sheet172","electricity production, photovoltaic, 3kWp slanted-roof installation, multi-Si, panel, mounted","US-WECC",4.58250955444787e-09,"kg CFC11eq/kWh","Ozone depletion"
"Sheet173","electricity production, natural gas, conventional power plant","US-WECC",2.03783236106706e-09,"kg CFC11eq/kWh","Ozone depletion"
"Sheet174","electricity production, hydro, pumped storage","US-WECC",1.57435023398671e-09,"kg CFC11eq/kWh","Ozone depletion"
"Sheet175","electricity production, wind, >3MW turbine, onshore","US-WECC",4.46841893300648e-10,"kg CFC11eq/kWh","Ozone depletion"
"Sheet176","electricity production, oil","US-WECC",2.61836782974445e-08,"kg CFC11eq/kWh","Ozone depletion"
"Sheet178","electricity voltage transformation from medium to low voltage","US-ASCC",3.31955901644067e-09,"kg CFC11eq/kWh","Ozone depletion"
"Sheet179","electricity voltage transformation from medium to low voltage","US-HICC",9.9146558981968e-09,"kg CFC11eq/kWh","Ozone depletion"
"Sheet180","electricity voltage transformation from medium to low voltage","US-MRO",1.31245229432912e-09,"kg CFC11eq/kWh","Ozone depletion"
"Sheet181","electricity voltage transformation from medium to low voltage","US-NPCC",1.30546276543863e-09,"kg CFC11eq/kWh","Ozone depletion"
"Sheet182","electricity voltage transformation from medium to low voltage","US-PR",1.36658766740973e-08,"kg CFC11eq/kWh","Ozone depletion"
"Sheet183","electricity voltage transformation from medium to low voltage","US-RFC",2.4116299786208e-09,"kg CFC11eq/kWh","Ozone depletion"
"Sheet184","electricity voltage transformation from medium to low voltage","US-SERC",2.0186474772196e-09,"kg CFC11eq/kWh","Ozone depletion"
"Sheet185","electricity voltage transformation from medium to low voltage","US-TRE",1.66574927281057e-09,"kg CFC11eq/kWh","Ozone depletion"
"Sheet186","electricity voltage transformation from medium to low voltage","US-WECC",1.45682039091425e-09,"kg CFC11eq/kWh","Ozone depletion"
"Sheet187","electricity, from municipal waste incineration to generic market for electricity, medium voltage","RoW",1.51324757501679e-10,"kg CFC11eq/kWh","Ozone depletion"
"Sheet188","electricity production, wood, future","GLO",6.55838636758818e-10,"kg CFC11eq/kWh","Ozone depletion"
"Sheet19","electricity production, oil","US-ASCC",1.17221333497075e-08,"kg CFC11eq/kWh","Ozone depletion"
"Sheet20","electricity production, wind, >3MW turbine, onshore","US-HICC",4.46841893300648e-10,"kg CFC11eq/kWh","Ozone depletion"
"Sheet21","electricity production, deep geothermal","US-HICC",7.32049153503274e-10,"kg CFC11eq/kWh","Ozone depletion"
"Sheet22","electricity production, wind, 1-3MW turbine, onshore","US-HICC",2.87011681102652e-10,"kg CFC11eq/kWh","Ozone depletion"
"Sheet24","electricity production, hydro, pumped storage","US-HICC",1.4006147172856e-08,"kg CFC11eq/kWh","Ozone depletion"
"Sheet25","electricity production, photovoltaic, 3kWp slanted-roof installation, multi-Si, panel, mounted","US-HICC",5.47842448397804e-09,"kg CFC11eq/kWh","Ozone depletion"
"Sheet26","electricity production, photovoltaic, 570kWp open ground installation, multi-Si","US-HICC",5.39896119481037e-09,"kg CFC11eq/kWh","Ozone depletion"
"Sheet27","electricity production, wind, <1MW turbine, onshore","US-HICC",2.16620974097668e-10,"kg CFC11eq/kWh","Ozone depletion"
"Sheet28","electricity production, hard coal","US-HICC",3.73034613426678e-09,"kg CFC11eq/kWh","Ozone depletion"
"Sheet29","electricity production, lignite","US-HICC",3.85738088237087e-10,"kg CFC11eq/kWh","Ozone depletion"
"Sheet30","electricity production, hydro, run-of-river","US-HICC",5.6854176935802e-11,"kg CFC11eq/kWh","Ozone depletion"
"Sheet31","electricity production, oil","US-HICC",1.30563599098368e-08,"kg CFC11eq/kWh","Ozone depletion"
"Sheet32","electricity production, hydro, reservoir, non-alpine region","US-HICC",6.38770106707145e-11,"kg CFC11eq/kWh","Ozone depletion"
"Sheet33","electricity production, photovoltaic, 3kWp slanted-roof installation, single-Si, panel, mounted","US-HICC",5.21660011506158e-09,"kg CFC11eq/kWh","Ozone depletion"
"Sheet37","electricity production, nuclear, pressure water reactor","US-MRO",1.30337903740675e-10,"kg CFC11eq/kWh","Ozone depletion"
"Sheet39","electricity, high voltage, import from CA-MB","US-MRO",1.09472531300019e-10,"kg CFC11eq/kWh","Ozone depletion"
"Sheet4","electricity production, lignite","US-ASCC",5.20957940065013e-10,"kg CFC11eq/kWh","Ozone depletion"
"Sheet42","electricity production, oil","US-MRO",1.7843691876777e-08,"kg CFC11eq/kWh","Ozone depletion"
"Sheet43","electricity, high voltage, import from CA-SK","US-MRO",2.12511073160258e-09,"kg CFC11eq/kWh","Ozone depletion"
"Sheet44","electricity production, wind, 1-3MW turbine, onshore","US-MRO",2.87011681102652e-10,"kg CFC11eq/kWh","Ozone depletion"
"Sheet45","electricity production, natural gas, combined cycle power plant","US-MRO",1.54816976832456e-09,"kg CFC11eq/kWh","Ozone depletion"
"Sheet46","electricity production, hydro, run-of-river","US-MRO",5.6854176935802e-11,"kg CFC11eq/kWh","Ozone depletion"
"Sheet47","electricity production, wind, <1MW turbine, onshore","US-MRO",2.16620974097668e-10,"kg CFC11eq/kWh","Ozone depletion"
"Sheet48","electricity production, lignite","US-MRO",3.95205028551416e-10,"kg CFC11eq/kWh","Ozone depletion"
"Sheet49","electricity production, hydro, reservoir, alpine region","US-MRO",6.38484607672007e-11,"kg CFC11eq/kWh","Ozone depletion"
"Sheet51","electricity production, hard coal","US-MRO",3.99942991485279e-09,"kg CFC11eq/kWh","Ozone depletion"
"Sheet52","electricity production, natural gas, conventional power plant","US-MRO",2.3046913607306e-09,"kg CFC11eq/kWh","Ozone depletion"
"Sheet53","electricity production, hydro, pumped storage","US-MRO",1.37724914596267e-09,"kg CFC11eq/kWh","Ozone depletion"
"Sheet54","electricity production, nuclear, boiling water reactor","US-MRO",2.86100444991801e-10,"kg CFC11eq/kWh","Ozone depletion"
"Sheet55","electricity production, wind, >3MW turbine, onshore","US-MRO",4.46841893300648e-10,"kg CFC11eq/kWh","Ozone depletion"
"Sheet56","electricity production, nuclear, boiling water reactor","US-NPCC",2.86100444991801e-10,"kg CFC11eq/kWh","Ozone depletion"
"Sheet57","electricity production, lignite","US-NPCC",3.93435656872116e-10,"kg CFC11eq/kWh","Ozone depletion"
"Sheet58","electricity production, photovoltaic, 570kWp open ground installation, multi-Si","US-NPCC",5.43058690892222e-09,"kg CFC11eq/kWh","Ozone depletion"
"Sheet59","electricity production, wind, <1MW turbine, onshore","US-NPCC",2.16620974097668e-10,"kg CFC11eq/kWh","Ozone depletion"
"Sheet6","electricity voltage transformation from high to medium voltage","US-ASCC",2.88683891126125e-09,"kg CFC11eq/kWh","Ozone depletion"
"Sheet63","electricity production, hydro, reservoir, alpine region","US-NPCC",6.38484607672007e-11,"kg CFC11eq/kWh","Ozone depletion"
"Sheet64","electricity production, hydro, run-of-river","US-NPCC",5.6854176935802e-11,"kg CFC11eq/kWh","Ozone depletion"
"Sheet65","electricity production, wind, 1-3MW turbine, onshore","US-NPCC",2.87011681102652e-10,"kg CFC11eq/kWh","Ozone depletion"
"Sheet67","electricity, high voltage, import from CA-NS","US-NPCC",2.27055274999921e-09,"kg CFC11eq/kWh","Ozone depletion"
"Sheet68","electricity production, hard coal","US-NPCC",3.88142080301974e-09,"kg CFC11eq/kWh","Ozone depletion"
"Sheet69","electricity production, oil","US-NPCC",1.66130924369993e-08,"kg CFC11eq/kWh","Ozone depletion"
"Sheet7","electricity production, natural gas, combined cycle power plant","US-ASCC",1.78335504043111e-09,"kg CFC11eq/kWh","Ozone depletion"
"Sheet70","electricity production, photovoltaic, 3kWp slanted-roof installation, single-Si, panel, mounted","US-NPCC",5.24715760527531e-09,"kg CFC11eq/kWh","Ozone depletion"
"Sheet72","electricity production, natural gas, conventional power plant","US-NPCC",2.2445689774072e-09,"kg CFC11eq/kWh","Ozone depletion"
"Sheet73","electricity production, nuclear, pressure water reactor","US-NPCC",1.30337903740675e-10,"kg CFC11eq/kWh","Ozone depletion"
"Sheet74","electricity, high voltage, import from CA-NB","US-NPCC",8.53251220259145e-10,"kg CFC11eq/kWh","Ozone depletion"
"Sheet75","electricity production, photovoltaic, 3kWp slanted-roof installation, multi-Si, panel, mounted","US-NPCC",5.5105156734239e-09,"kg CFC11eq/kWh","Ozone depletion"
"Sheet77","electricity, high voltage, import from CA-ON","US-NPCC",5.57894384541585e-10,"kg CFC11eq/kWh","Ozone depletion"
"Sheet78","electricity production, wind, >3MW turbine, onshore","US-NPCC",4.46841893300648e-10,"kg CFC11eq/kWh","Ozone depletion"
"Sheet79","electricity production, hydro, pumped storage","US-NPCC",1.38901373906864e-09,"kg CFC11eq/kWh","Ozone depletion"
"Sheet8","electricity production, hydro, run-of-river","US-ASCC",5.6854176935802e-11,"kg CFC11eq/kWh","Ozone depletion"
"Sheet80","electricity production, natural gas, combined cycle power plant","US-NPCC",1.53112895752873e-09,"kg CFC11eq/kWh","Ozone depletion"
"Sheet81","electricity production, hydro, pumped storage","US-RFC",2.91986930275601e-09,"kg CFC11eq/kWh","Ozone depletion"
"Sheet82","electricity production, wind, >3MW turbine, onshore","US-RFC",4.46841893300648e-10,"kg CFC11eq/kWh","Ozone depletion"
"Sheet85","electricity production, natural gas, combined cycle power plant","US-RFC",1.5144626700471e-09,"kg CFC11eq/kWh","Ozone depletion"
"Sheet86","electricity production, photovoltaic, 3kWp slanted-roof installation, multi-Si, panel, mounted","US-RFC",5.5105156734239e-09,"kg CFC11eq/kWh","Ozone depletion"
"Sheet87","electricity production, photovoltaic, 3kWp slanted-roof installation, single-Si, panel, mounted","US-RFC",5.24715760527531e-09,"kg CFC11eq/kWh","Ozone depletion"
"Sheet88","electricity production, wind, 1-3MW turbine, onshore","US-RFC",2.87011681102652e-10,"kg CFC11eq/kWh","Ozone depletion"
"Sheet89","electricity production, wind, <1MW turbine, onshore","US-RFC",2.16620974097668e-10,"kg CFC11eq/kWh","Ozone depletion"
"Sheet9","electricity production, natural gas, conventional power plant","US-ASCC",3.29521828598077e-09,"kg CFC11eq/kWh","Ozone depletion"
"Sheet90","electricity production, lignite","US-RFC",3.87412263921302e-10,"kg CFC11eq/kWh","Ozone depletion"
"Sheet92","electricity production, natural gas, conventional power plant","US-RFC",2.19370055865576e-09,"kg CFC11eq/kWh","Ozone depletion"
"Sheet93","electricity production, nuclear, pressure water reactor","US-RFC",1.30337903740675e-10,"kg CFC11eq/kWh","Ozone depletion"
"Sheet94","electricity production, photovoltaic, 570kWp open ground installation, multi-Si","US-RFC",5.43058690892222e-09,"kg CFC11eq/kWh","Ozone depletion"
"Sheet95","electricity production, hydro, reservoir, alpine region","US-RFC",6.38484607672007e-11,"kg CFC11eq/kWh","Ozone depletion"
"Sheet96","electricity production, hydro, run-of-river","US-RFC",5.6854176935802e-11,"kg CFC11eq/kWh","Ozone depletion"
"Sheet98","electricity production, nuclear, boiling water reactor","US-RFC",2.86100444991801e-10,"kg CFC11eq/kWh","Ozone depletion"
"Sheet1","electricity production, wind, 1-3MW turbine, offshore","RoW",0.00109111799737345,"kg O3eq/kWh","Smog formation"
"Sheet10","electricity production, wind, 1-3MW turbine, onshore","US-ASCC",0.000958574269104921,"kg O3eq/kWh","Smog formation"
"Sheet101","electricity production, oil","US-RFC",0.107458404917481,"kg O3eq/kWh","Smog formation"
"Sheet102","electricity production, hard coal","US-RFC",0.0370858436564286,"kg O3eq/kWh","Smog formation"
"Sheet105","electricity production, photovoltaic, 3kWp slanted-roof installation, multi-Si, panel, mounted","US-SERC",0.00472058912084557,"kg O3eq/kWh","Smog formation"
"Sheet106","electricity production, oil","US-SERC",0.0903554155462304,"kg O3eq/kWh","Smog formation"
"Sheet107","electricity production, deep geothermal","US-SERC",0.00421079417111566,"kg O3eq/kWh","Smog formation"
"Sheet108","electricity production, nuclear, boiling water reactor","US-SERC",0.000885293557767238,"kg O3eq/kWh","Smog formation"
"Sheet109","electricity production, natural gas, conventional power plant","US-SERC",0.0171469930021054,"kg O3eq/kWh","Smog formation"
"Sheet11","electricity production, hydro, reservoir, alpine region","US-ASCC",0.000500749907964519,"kg O3eq/kWh","Smog formation"
"Sheet111","electricity production, wind, 1-3MW turbine, onshore","US-SERC",0.000958574269104921,"kg O3eq/kWh","Smog formation"
"Sheet112","electricity production, solar thermal parabolic trough, 50 MW","US-SERC",0.00356028942268292,"kg O3eq/kWh","Smog formation"
"Sheet113","electricity production, wind, <1MW turbine, onshore","US-SERC",0.000822772416233975,"kg O3eq/kWh","Smog formation"
"Sheet114","electricity production, nuclear, pressure water reactor","US-SERC",0.000837043256201106,"kg O3eq/kWh","Smog formation"
"Sheet115","electricity production, wind, >3MW turbine, onshore","US-SERC",0.00184011397888704,"kg O3eq/kWh","Smog formation"
"Sheet116","electricity production, lignite","US-SERC",0.022980464228557,"kg O3eq/kWh","Smog formation"
"Sheet119","electricity production, hydro, pumped storage","US-SERC",0.019994962742245,"kg O3eq/kWh","Smog formation"
"Sheet12","electricity production, hard coal","US-ASCC",0.101697954409371,"kg O3eq/kWh","Smog formation"
"Sheet120","electricity production, photovoltaic, 570kWp open ground installation, multi-Si","US-SERC",0.00460786556085283,"kg O3eq/kWh","Smog formation"
"Sheet121","electricity production, hydro, reservoir, alpine region","US-SERC",0.000500749907964519,"kg O3eq/kWh","Smog formation"
"Sheet123","electricity production, hydro, reservoir, non-alpine region","US-SERC",0.000502364885848084,"kg O3eq/kWh","Smog formation"
"Sheet124","electricity production, natural gas, combined cycle power plant","US-SERC",0.0098226889365565,"kg O3eq/kWh","Smog formation"
"Sheet125","electricity production, hydro, run-of-river","US-SERC",0.000420306703041403,"kg O3eq/kWh","Smog formation"
"Sheet126","electricity production, photovoltaic, 3kWp slanted-roof installation, single-Si, panel, mounted","US-SERC",0.00528517794113825,"kg O3eq/kWh","Smog formation"
"Sheet127","electricity production, hard coal","US-SERC",0.0377184260123732,"kg O3eq/kWh","Smog formation"
"Sheet128","electricity production, wind, <1MW turbine, onshore","US-TRE",0.000822772416233975,"kg O3eq/kWh","Smog formation"
"Sheet129","electricity production, hydro, pumped storage","US-TRE",0.0153573010207583,"kg O3eq/kWh","Smog formation"
"Sheet13","electricity production, hydro, pumped storage","US-ASCC",0.0390085133326353,"kg O3eq/kWh","Smog formation"
"Sheet130","electricity production, natural gas, combined cycle power plant","US-TRE",0.00921831886153765,"kg O3eq/kWh","Smog formation"
"Sheet131","electricity production, photovoltaic, 3kWp slanted-roof installation, single-Si, panel, mounted","US-TRE",0.00525439903465911,"kg O3eq/kWh","Smog formation"
"Sheet136","electricity production, oil","US-TRE",0.0967471169675075,"kg O3eq/kWh","Smog formation"
"Sheet137","electricity production, wind, >3MW turbine, onshore","US-TRE",0.00184011397888704,"kg O3eq/kWh","Smog formation"
"Sheet138","electricity production, hydro, run-of-river","US-TRE",0.000420306703041403,"kg O3eq/kWh","Smog formation"
"Sheet139","electricity production, nuclear, pressure water reactor","US-TRE",0.000837043256201106,"kg O3eq/kWh","Smog formation"
"Sheet14","electricity production, wind, <1MW turbine, onshore","US-ASCC",0.000822772416233975,"kg O3eq/kWh","Smog formation"
"Sheet140","electricity production, hard coal","US-TRE",0.0377810094963396,"kg O3eq/kWh","Smog formation"
"Sheet141","electricity production, nuclear, boiling water reactor","US-TRE",0.000885293557767238,"kg O3eq/kWh","Smog formation"
"Sheet142","electricity production, wind, 1-3MW turbine, onshore","US-TRE",0.000958574269104921,"kg O3eq/kWh","Smog formation"
"Sheet143","electricity production, photovoltaic, 3kWp slanted-roof installation, multi-Si, panel, mounted","US-TRE",0.00469309816922668,"kg O3eq/kWh","Smog formation"
"Sheet144","electricity, high voltage, import from MX","US-TRE",0.0288213488154141,"kg O3eq/kWh","Smog formation"
"Sheet145","electricity production, lignite","US-TRE",0.020392787502796,"kg O3eq/kWh","Smog formation"
"Sheet146","electricity production, natural gas, conventional power plant","US-TRE",0.0133231752567766,"kg O3eq/kWh","Smog formation"
"Sheet149","electricity production, hydro, reservoir, non-alpine region","US-TRE",0.000502364885848084,"kg O3eq/kWh","Smog formation"
"Sheet15","electricity production, wind, >3MW turbine, onshore","US-ASCC",0.00184011397888704,"kg O3eq/kWh","Smog formation"
"Sheet150","electricity production, nuclear, pressure water reactor","US-WECC",0.000837043256201106,"kg O3eq/kWh","Smog formation"
"Sheet151","electricity production, wind, 1-3MW turbine, onshore","US-WECC",0.000958574269104921,"kg O3eq/kWh","Smog formation"
"Sheet152","electricity production, lignite","US-WECC",0.0377527875027962,"kg O3eq/kWh","Smog formation"
"Sheet153","electricity production, hydro, reservoir, alpine region","US-WECC",0.000500749907964519,"kg O3eq/kWh","Smog formation"
"Sheet154","electricity production, solar tower power plant, 20 MW","US-WECC",0.00174252780398095,"kg O3eq/kWh","Smog formation"
"Sheet155","electricity, high voltage, import from CA-BC","US-WECC",0.00284807458577228,"kg O3eq/kWh","Smog formation"
"Sheet156","electricity production, photovoltaic, 3kWp slanted-roof installation, single-Si, panel, mounted","US-WECC",0.0043951201389424,"kg O3eq/kWh","Smog formation"
"Sheet157","electricity, high voltage, import from CA-AB","US-WECC",0.0250020707624773,"kg O3eq/kWh","Smog formation"
"Sheet158","electricity production, wind, <1MW turbine, onshore","US-WECC",0.000822772416233975,"kg O3eq/kWh","Smog formation"
"Sheet161","electricity production, natural gas, combined cycle power plant","US-WECC",0.00889672514047168,"kg O3eq/kWh","Smog formation"
"Sheet162","electricity production, solar thermal parabolic trough, 50 MW","US-WECC",0.00356028942268292,"kg O3eq/kWh","Smog formation"
"Sheet163","electricity production, hydro, run-of-river","US-WECC",0.000420306703041403,"kg O3eq/kWh","Smog formation"
"Sheet164","electricity production, deep geothermal","US-WECC",0.00421079417111566,"kg O3eq/kWh","Smog formation"
"Sheet165","electricity, high voltage, import from MX","US-WECC",0.0288213488154141,"kg O3eq/kWh","Smog formation"
"Sheet166","electricity production, hard coal","US-WECC",0.0518400690342748,"kg O3eq/kWh","Smog formation"
"Sheet168","electricity production, photovoltaic, 570kWp open ground installation, multi-Si","US-WECC",0.00383187149980452,"kg O3eq/kWh","Smog formation"
"Sheet169","electricity production, nuclear, boiling water reactor","US-WECC",0.000885293557767238,"kg O3eq/kWh","Smog formation"
"Sheet172","electricity production, photovoltaic, 3kWp slanted-roof installation, multi-Si, panel, mounted","US-WECC",0.00392561169061271,"kg O3eq/kWh","Smog formation"
"Sheet173","electricity production, natural gas, conventional power plant","US-WECC",0.0125879812253741,"kg O3eq/kWh","Smog formation"
"Sheet174","electricity production, hydro, pumped storage","US-WECC",0.0187031348578293,"kg O3eq/kWh","Smog formation"
"Sheet175","electricity production, wind, >3MW turbine, onshore","US-WECC",0.00184011397888704,"kg O3eq/kWh","Smog formation"
"Sheet176","electricity production, oil","US-WECC",0.163523659657036,"kg O3eq/kWh","Smog formation"
"Sheet178","electricity voltage transformation from medium to low voltage","US-ASCC",0.02776990527475,"kg O3eq/kWh","Smog formation"
"Sheet179","electricity voltage transformation from medium to low voltage","US-HICC",0.0649072248701915,"kg O3eq/kWh","Smog formation"
"Sheet180","electricity voltage transformation from medium to low voltage","US-MRO",0.0175415210645523,"kg O3eq/kWh","Smog formation"
"Sheet181","electricity voltage transformation from medium to low voltage","US-NPCC",0.00621204546316059,"kg O3eq/kWh","Smog formation"
"Sheet182","electricity voltage transformation from medium to low voltage","US-PR",0.0656552781192329,"kg O3eq/kWh","Smog formation"
"Sheet183","electricity voltage transformation from medium to low voltage","US-RFC",0.015003238078154,"kg O3eq/kWh","Smog formation"
"Sheet184","electricity voltage transformation from medium to low voltage","US-SERC",0.0141007887562135,"kg O3eq/kWh","Smog formation"
"Sheet185","electricity voltage transformation from medium to low voltage","US-TRE",0.0108160206614179,"kg O3eq/kWh","Smog formation"
"Sheet186","electricity voltage transformation from medium to low voltage","US-WECC",0.01323041759753,"kg O3eq/kWh","Smog formation"
"Sheet187","electricity, from municipal waste incineration to generic market for electricity, medium voltage","RoW",0.00100272765988294,"kg O3eq/kWh","Smog formation"
"Sheet188","electricity production, wood, future","GLO",0.0242414153168458,"kg O3eq/kWh","Smog formation"
"Sheet19","electricity production, oil","US-ASCC",0.0732076724498657,"kg O3eq/kWh","Smog formation"
"Sheet20","electricity production, wind, >3MW turbine, onshore","US-HICC",0.00184011397888704,"kg O3eq/kWh","Smog formation"
"Sheet21","electricity production, deep geothermal","US-HICC",0.00421079417111566,"kg O3eq/kWh","Smog formation"
"Sheet22","electricity production, wind, 1-3MW turbine, onshore","US-HICC",0.000958574269104921,"kg O3eq/kWh","Smog formation"
"Sheet24","electricity production, hydro, pumped storage","US-HICC",0.0950977804172055,"kg O3eq/kWh","Smog formation"
"Sheet25","electricity production, photovoltaic, 3kWp slanted-roof installation, multi-Si, panel, mounted","US-HICC",0.00469309816922668,"kg O3eq/kWh","Smog formation"
"Sheet26","electricity production, photovoltaic, 570kWp open ground installation, multi-Si","US-HICC",0.00458103106923387,"kg O3eq/kWh","Smog formation"
"Sheet27","electricity production, wind, <1MW turbine, onshore","US-HICC",0.000822772416233975,"kg O3eq/kWh","Smog formation"
"Sheet28","electricity production, hard coal","US-HICC",0.0266920943043376,"kg O3eq/kWh","Smog formation"
"Sheet29","electricity production, lignite","US-HICC",0.0128983110370788,"kg O3eq/kWh","Smog formation"
"Sheet30","electricity production, hydro, run-of-river","US-HICC",0.000420306703041403,"kg O3eq/kWh","Smog formation"
"Sheet31","electricity production, oil","US-HICC",0.0815402530539151,"kg O3eq/kWh","Smog formation"
"Sheet32","electricity production, hydro, reservoir, non-alpine region","US-HICC",0.000502364885848084,"kg O3eq/kWh","Smog formation"
"Sheet33","electricity production, photovoltaic, 3kWp slanted-roof installation, single-Si, panel, mounted","US-HICC",0.00525439903465911,"kg O3eq/kWh","Smog formation"
"Sheet37","electricity production, nuclear, pressure water reactor","US-MRO",0.000837043256201106,"kg O3eq/kWh","Smog formation"
"Sheet39","electricity, high voltage, import from CA-MB","US-MRO",0.000780326618258065,"kg O3eq/kWh","Smog formation"
"Sheet4","electricity production, lignite","US-ASCC",0.0761363360456189,"kg O3eq/kWh","Smog formation"
"Sheet42","electricity production, oil","US-MRO",0.111438345840351,"kg O3eq/kWh","Smog formation"
"Sheet43","electricity, high voltage, import from CA-SK","US-MRO",0.0224031843230377,"kg O3eq/kWh","Smog formation"
"Sheet44","electricity production, wind, 1-3MW turbine, onshore","US-MRO",0.000958574269104921,"kg O3eq/kWh","Smog formation"
"Sheet45","electricity production, natural gas, combined cycle power plant","US-MRO",0.00942283801448517,"kg O3eq/kWh","Smog formation"
"Sheet46","electricity production, hydro, run-of-river","US-MRO",0.000420306703041403,"kg O3eq/kWh","Smog formation"
"Sheet47","electricity production, wind, <1MW turbine, onshore","US-MRO",0.000822772416233975,"kg O3eq/kWh","Smog formation"
"Sheet48","electricity production, lignite","US-MRO",0.0328249869852111,"kg O3eq/kWh","Smog formation"
"Sheet49","electricity production, hydro, reservoir, alpine region","US-MRO",0.000500749907964519,"kg O3eq/kWh","Smog formation"
"Sheet51","electricity production, hard coal","US-MRO",0.0506806485303194,"kg O3eq/kWh","Smog formation"
"Sheet52","electricity production, natural gas, conventional power plant","US-MRO",0.0179829787667921,"kg O3eq/kWh","Smog formation"
"Sheet53","electricity production, hydro, pumped storage","US-MRO",0.0247647054402365,"kg O3eq/kWh","Smog formation"
"Sheet54","electricity production, nuclear, boiling water reactor","US-MRO",0.000885293557767238,"kg O3eq/kWh","Smog formation"
"Sheet55","electricity production, wind, >3MW turbine, onshore","US-MRO",0.00184011397888704,"kg O3eq/kWh","Smog formation"
"Sheet56","electricity production, nuclear, boiling water reactor","US-NPCC",0.000885293557767238,"kg O3eq/kWh","Smog formation"
"Sheet57","electricity production, lignite","US-NPCC",0.025368787245611,"kg O3eq/kWh","Smog formation"
"Sheet58","electricity production, photovoltaic, 570kWp open ground installation, multi-Si","US-NPCC",0.00460786556085283,"kg O3eq/kWh","Smog formation"
"Sheet59","electricity production, wind, <1MW turbine, onshore","US-NPCC",0.000822772416233975,"kg O3eq/kWh","Smog formation"
"Sheet6","electricity voltage transformation from high to medium voltage","US-ASCC",0.0270359920587923,"kg O3eq/kWh","Smog formation"
"Sheet63","electricity production, hydro, reservoir, alpine region","US-NPCC",0.000500749907964519,"kg O3eq/kWh","Smog formation"
"Sheet64","electricity production, hydro, run-of-river","US-NPCC",0.000420306703041403,"kg O3eq/kWh","Smog formation"
"Sheet65","electricity production, wind, 1-3MW turbine, onshore","US-NPCC",0.000958574269104921,"kg O3eq/kWh","Smog formation"
"Sheet67","electricity, high voltage, import from CA-NS","US-NPCC",0.0415790630792791,"kg O3eq/kWh","Smog formation"
"Sheet68","electricity production, hard coal","US-NPCC",0.0383863999755307,"kg O3eq/kWh","Smog formation"
"Sheet69","electricity production, oil","US-NPCC",0.103752942678948,"kg O3eq/kWh","Smog formation"
"Sheet7","electricity production, natural gas, combined cycle power plant","US-ASCC",0.0108498339617791,"kg O3eq/kWh","Smog formation"
"Sheet70","electricity production, photovoltaic, 3kWp slanted-roof installation, single-Si, panel, mounted","US-NPCC",0.00528517794113825,"kg O3eq/kWh","Smog formation"
"Sheet72","electricity production, natural gas, conventional power plant","US-NPCC",0.0113030749728758,"kg O3eq/kWh","Smog formation"
"Sheet73","electricity production, nuclear, pressure water reactor","US-NPCC",0.000837043256201106,"kg O3eq/kWh","Smog formation"
"Sheet74","electricity, high voltage, import from CA-NB","US-NPCC",0.0118677069199857,"kg O3eq/kWh","Smog formation"
"Sheet75","electricity production, photovoltaic, 3kWp slanted-roof installation, multi-Si, panel, mounted","US-NPCC",0.00472058912084557,"kg O3eq/kWh","Smog formation"
"Sheet77","electricity, high voltage, import from CA-ON","US-NPCC",0.0026231033842896,"kg O3eq/kWh","Smog formation"
"Sheet78","electricity production, wind, >3MW turbine, onshore","US-NPCC",0.00184011397888704,"kg O3eq/kWh","Smog formation"
"Sheet79","electricity production, hydro, pumped storage","US-NPCC",0.00908760467024163,"kg O3eq/kWh","Smog formation"
"Sheet8","electricity production, hydro, run-of-river","US-ASCC",0.000420306703041403,"kg O3eq/kWh","Smog formation"
"Sheet80","electricity production, natural gas, combined cycle power plant","US-NPCC",0.00931944222049504,"kg O3eq/kWh","Smog formation"
"Sheet81","electricity production, hydro, pumped storage","US-RFC",0.0212805550457615,"kg O3eq/kWh","Smog formation"
"Sheet82","electricity production, wind, >3MW turbine, onshore","US-RFC",0.00184011397888704,"kg O3eq/kWh","Smog formation"
"Sheet85","electricity production, natural gas, combined cycle power plant","US-RFC",0.00921831886153765,"kg O3eq/kWh","Smog formation"
"Sheet86","electricity production, photovoltaic, 3kWp slanted-roof installation, multi-Si, panel, mounted","US-RFC",0.00472058912084557,"kg O3eq/kWh","Smog formation"
"Sheet87","electricity production, photovoltaic, 3kWp slanted-roof installation, single-Si, panel, mounted","US-RFC",0.00528517794113825,"kg O3eq/kWh","Smog formation"
"Sheet88","electricity production, wind, 1-3MW turbine, onshore","US-RFC",0.000958574269104921,"kg O3eq/kWh","Smog formation"
"Sheet89","electricity production, wind, <1MW turbine, onshore","US-RFC",0.000822772416233975,"kg O3eq/kWh","Smog formation"
"Sheet9","electricity production, natural gas, conventional power plant","US-ASCC",0.0226674038537963,"kg O3eq/kWh","Smog formation"
"Sheet90","electricity production, lignite","US-RFC",0.0253136391959084,"kg O3eq/kWh","Smog formation"
"Sheet92","electricity production, natural gas, conventional power plant","US-RFC",0.0133697896477115,"kg O3eq/kWh","Smog formation"
"Sheet93","electricity production, nuclear, pressure water reactor","US-RFC",0.000837043256201106,"kg O3eq/kWh","Smog formation"
"Sheet94","electricity production, photovoltaic, 570kWp open ground installation, multi-Si","US-RFC",0.00460786556085283,"kg O3eq/kWh","Smog formation"
"Sheet95","electricity production, hydro, reservoir, alpine region","US-RFC",0.000500749907964519,"kg O3eq/kWh","Smog formation"
"Sheet96","electricity production, hydro, run-of-river","US-RFC",0.000420306703041403,"kg O3eq/kWh","Smog formation"
"Sheet98","electricity production, nuclear, boiling water reactor","US-RFC",0.000885293557767238,"kg O3eq/kWh","Smog formation"
"Sheet1","electricity production, wind, 1-3MW turbine, offshore","RoW",9.06852503862661e-05,"kg SO2eq/kWh","Acidification"
"Sheet10","electricity production, wind, 1-3MW turbine, onshore","US-ASCC",6.95883781601763e-05,"kg SO2eq/kWh","Acidification"
"Sheet101","electricity production, oil","US-RFC",0.00947522700079628,"kg SO2eq/kWh","Acidification"
"Sheet102","electricity production, hard coal","US-RFC",0.00464905431599245,"kg SO2eq/kWh","Acidification"
"Sheet105","electricity production, photovoltaic, 3kWp slanted-roof installation, multi-Si, panel, mounted","US-SERC",0.000464522879289128,"kg SO2eq/kWh","Acidification"
"Sheet106","electricity production, oil","US-SERC",0.00796715783850741,"kg SO2eq/kWh","Acidification"
"Sheet107","electricity production, deep geothermal","US-SERC",0.000297859345375319,"kg SO2eq/kWh","Acidification"
"Sheet108","electricity production, nuclear, boiling water reactor","US-SERC",5.17293275900488e-05,"kg SO2eq/kWh","Acidification"
"Sheet109","electricity production, natural gas, conventional power plant","US-SERC",0.000513634692800795,"kg SO2eq/kWh","Acidification"
"Sheet11","electricity production, hydro, reservoir, alpine region","US-ASCC",2.48342913889241e-05,"kg SO2eq/kWh","Acidification"
"Sheet111","electricity production, wind, 1-3MW turbine, onshore","US-SERC",6.95883781601763e-05,"kg SO2eq/kWh","Acidification"
"Sheet112","electricity production, solar thermal parabolic trough, 50 MW","US-SERC",0.000193498149175346,"kg SO2eq/kWh","Acidification"
"Sheet113","electricity production, wind, <1MW turbine, onshore","US-SERC",6.85095835341823e-05,"kg SO2eq/kWh","Acidification"
"Sheet114","electricity production, nuclear, pressure water reactor","US-SERC",4.90622596736604e-05,"kg SO2eq/kWh","Acidification"
"Sheet115","electricity production, wind, >3MW turbine, onshore","US-SERC",0.000221588325783056,"kg SO2eq/kWh","Acidification"
"Sheet116","electricity production, lignite","US-SERC",0.00364655424562138,"kg SO2eq/kWh","Acidification"
"Sheet119","electricity production, hydro, pumped storage","US-SERC",0.00148001010544866,"kg SO2eq/kWh","Acidification"
"Sheet12","electricity production, hard coal","US-ASCC",0.00549571689517952,"kg SO2eq/kWh","Acidification"
"Sheet120","electricity production, photovoltaic, 570kWp open ground installation, multi-Si","US-SERC",0.000390962344691272,"kg SO2eq/kWh","Acidification"
"Sheet121","electricity production, hydro, reservoir, alpine region","US-SERC",2.48342913889241e-05,"kg SO2eq/kWh","Acidification"
"Sheet123","electricity production, hydro, reservoir, non-alpine region","US-SERC",2.47905062732852e-05,"kg SO2eq/kWh","Acidification"
"Sheet124","electricity production, natural gas, combined cycle power plant","US-SERC",0.000279632308909639,"kg SO2eq/kWh","Acidification"
"Sheet125","electricity production, hydro, run-of-river","US-SERC",1.91650029278332e-05,"kg SO2eq/kWh","Acidification"
"Sheet126","electricity production, photovoltaic, 3kWp slanted-roof installation, single-Si, panel, mounted","US-SERC",0.000504569033430422,"kg SO2eq/kWh","Acidification"
"Sheet127","electricity production, hard coal","US-SERC",0.00404888948009658,"kg SO2eq/kWh","Acidification"
"Sheet128","electricity production, wind, <1MW turbine, onshore","US-TRE",6.85095835341823e-05,"kg SO2eq/kWh","Acidification"
"Sheet129","electricity production, hydro, pumped storage","US-TRE",0.00136113079944057,"kg SO2eq/kWh","Acidification"
"Sheet13","electricity production, hydro, pumped storage","US-ASCC",0.00290539768273845,"kg SO2eq/kWh","Acidification"
"Sheet130","electricity production, natural gas, combined cycle power plant","US-TRE",0.000262758414334512,"kg SO2eq/kWh","Acidification"
"Sheet131","electricity production, photovoltaic, 3kWp slanted-roof installation, single-Si, panel, mounted","US-TRE",0.000501630611438732,"kg SO2eq/kWh","Acidification"
"Sheet136","electricity production, oil","US-TRE",0.0085307509975015,"kg SO2eq/kWh","Acidification"
"Sheet137","electricity production, wind, >3MW turbine, onshore","US-TRE",0.000221588325783056,"kg SO2eq/kWh","Acidification"
"Sheet138","electricity production, hydro, run-of-river","US-TRE",1.91650029278332e-05,"kg SO2eq/kWh","Acidification"
"Sheet139","electricity production, nuclear, pressure water reactor","US-TRE",4.90622596736604e-05,"kg SO2eq/kWh","Acidification"
"Sheet14","electricity production, wind, <1MW turbine, onshore","US-ASCC",6.85095835341823e-05,"kg SO2eq/kWh","Acidification"
"Sheet140","electricity production, hard coal","US-TRE",0.00464248510552815,"kg SO2eq/kWh","Acidification"
"Sheet141","electricity production, nuclear, boiling water reactor","US-TRE",5.17293275900488e-05,"kg SO2eq/kWh","Acidification"
"Sheet142","electricity production, wind, 1-3MW turbine, onshore","US-TRE",6.95883781601763e-05,"kg SO2eq/kWh","Acidification"
"Sheet143","electricity production, photovoltaic, 3kWp slanted-roof installation, multi-Si, panel, mounted","US-TRE",0.000461817671173469,"kg SO2eq/kWh","Acidification"
"Sheet144","electricity, high voltage, import from MX","US-TRE",0.00228326236833195,"kg SO2eq/kWh","Acidification"
"Sheet145","electricity production, lignite","US-TRE",0.00406784761843006,"kg SO2eq/kWh","Acidification"
"Sheet146","electricity production, natural gas, conventional power plant","US-TRE",0.000401387482448279,"kg SO2eq/kWh","Acidification"
"Sheet149","electricity production, hydro, reservoir, non-alpine region","US-TRE",2.47905062732852e-05,"kg SO2eq/kWh","Acidification"
"Sheet15","electricity production, wind, >3MW turbine, onshore","US-ASCC",0.000221588325783056,"kg SO2eq/kWh","Acidification"
"Sheet150","electricity production, nuclear, pressure water reactor","US-WECC",4.90622596736604e-05,"kg SO2eq/kWh","Acidification"
"Sheet151","electricity production, wind, 1-3MW turbine, onshore","US-WECC",6.95883781601763e-05,"kg SO2eq/kWh","Acidification"
"Sheet152","electricity production, lignite","US-WECC",0.00265784761843008,"kg SO2eq/kWh","Acidification"
"Sheet153","electricity production, hydro, reservoir, alpine region","US-WECC",2.48342913889241e-05,"kg SO2eq/kWh","Acidification"
"Sheet154","electricity production, solar tower power plant, 20 MW","US-WECC",0.000144915111840359,"kg SO2eq/kWh","Acidification"
"Sheet155","electricity, high voltage, import from CA-BC","US-WECC",0.000157831235080599,"kg SO2eq/kWh","Acidification"
"Sheet156","electricity production, photovoltaic, 3kWp slanted-roof installation, single-Si, panel, mounted","US-WECC",0.000419596377835319,"kg SO2eq/kWh","Acidification"
"Sheet157","electricity, high voltage, import from CA-AB","US-WECC",0.00201279163061459,"kg SO2eq/kWh","Acidification"
"Sheet158","electricity production, wind, <1MW turbine, onshore","US-WECC",6.85095835341823e-05,"kg SO2eq/kWh","Acidification"
"Sheet161","electricity production, natural gas, combined cycle power plant","US-WECC",0.000253779580388902,"kg SO2eq/kWh","Acidification"
"Sheet162","electricity production, solar thermal parabolic trough, 50 MW","US-WECC",0.000193498149175346,"kg SO2eq/kWh","Acidification"
"Sheet163","electricity production, hydro, run-of-river","US-WECC",1.91650029278332e-05,"kg SO2eq/kWh","Acidification"
"Sheet164","electricity production, deep geothermal","US-WECC",0.000297859345375319,"kg SO2eq/kWh","Acidification"
"Sheet165","electricity, high voltage, import from MX","US-WECC",0.00228326236833195,"kg SO2eq/kWh","Acidification"
"Sheet166","electricity production, hard coal","US-WECC",0.0030663539045519,"kg SO2eq/kWh","Acidification"
"Sheet168","electricity production, photovoltaic, 570kWp open ground installation, multi-Si","US-WECC",0.000325121782815636,"kg SO2eq/kWh","Acidification"
"Sheet169","electricity production, nuclear, boiling water reactor","US-WECC",5.17293275900488e-05,"kg SO2eq/kWh","Acidification"
"Sheet172","electricity production, photovoltaic, 3kWp slanted-roof installation, multi-Si, panel, mounted","US-WECC",0.000386294252435984,"kg SO2eq/kWh","Acidification"
"Sheet173","electricity production, natural gas, conventional power plant","US-WECC",0.000380399424484849,"kg SO2eq/kWh","Acidification"
"Sheet174","electricity production, hydro, pumped storage","US-WECC",0.00108698197697409,"kg SO2eq/kWh","Acidification"
"Sheet175","electricity production, wind, >3MW turbine, onshore","US-WECC",0.000221588325783056,"kg SO2eq/kWh","Acidification"
"Sheet176","electricity production, oil","US-WECC",0.0144188236968639,"kg SO2eq/kWh","Acidification"
"Sheet178","electricity voltage transformation from medium to low voltage","US-ASCC",0.00209634369261433,"kg SO2eq/kWh","Acidification"
"Sheet179","electricity voltage transformation from medium to low voltage","US-HICC",0.00590687764869178,"kg SO2eq/kWh","Acidification"
"Sheet180","electricity voltage transformation from medium to low voltage","US-MRO",0.00178771056432905,"kg SO2eq/kWh","Acidification"
"Sheet181","electricity voltage transformation from medium to low voltage","US-NPCC",0.000263984224106214,"kg SO2eq/kWh","Acidification"
"Sheet182","electricity voltage transformation from medium to low voltage","US-PR",0.00620907345330685,"kg SO2eq/kWh","Acidification"
"Sheet183","electricity voltage transformation from medium to low voltage","US-RFC",0.00146220825863315,"kg SO2eq/kWh","Acidification"
"Sheet184","electricity voltage transformation from medium to low voltage","US-SERC",0.00107143771297108,"kg SO2eq/kWh","Acidification"
"Sheet185","electricity voltage transformation from medium to low voltage","US-TRE",0.000989487074688593,"kg SO2eq/kWh","Acidification"
"Sheet186","electricity voltage transformation from medium to low voltage","US-WECC",0.00079363381371115,"kg SO2eq/kWh","Acidification"
"Sheet187","electricity, from municipal waste incineration to generic market for electricity, medium voltage","RoW",3.57724840580081e-05,"kg SO2eq/kWh","Acidification"
"Sheet188","electricity production, wood, future","GLO",0.00107037242715793,"kg SO2eq/kWh","Acidification"
"Sheet19","electricity production, oil","US-ASCC",0.00645514248229433,"kg SO2eq/kWh","Acidification"
"Sheet20","electricity production, wind, >3MW turbine, onshore","US-HICC",0.000221588325783056,"kg SO2eq/kWh","Acidification"
"Sheet21","electricity production, deep geothermal","US-HICC",0.000297859345375319,"kg SO2eq/kWh","Acidification"
"Sheet22","electricity production, wind, 1-3MW turbine, onshore","US-HICC",6.95883781601763e-05,"kg SO2eq/kWh","Acidification"
"Sheet24","electricity production, hydro, pumped storage","US-HICC",0.00861344235323004,"kg SO2eq/kWh","Acidification"
"Sheet25","electricity production, photovoltaic, 3kWp slanted-roof installation, multi-Si, panel, mounted","US-HICC",0.000461817671173469,"kg SO2eq/kWh","Acidification"
"Sheet26","electricity production, photovoltaic, 570kWp open ground installation, multi-Si","US-HICC",0.000388685525712204,"kg SO2eq/kWh","Acidification"
"Sheet27","electricity production, wind, <1MW turbine, onshore","US-HICC",6.85095835341823e-05,"kg SO2eq/kWh","Acidification"
"Sheet28","electricity production, hard coal","US-HICC",0.00529141361606353,"kg SO2eq/kWh","Acidification"
"Sheet29","electricity production, lignite","US-HICC",0.00485344270850782,"kg SO2eq/kWh","Acidification"
"Sheet30","electricity production, hydro, run-of-river","US-HICC",1.91650029278332e-05,"kg SO2eq/kWh","Acidification"
"Sheet31","electricity production, oil","US-HICC",0.00718987414694569,"kg SO2eq/kWh","Acidification"
"Sheet32","electricity production, hydro, reservoir, non-alpine region","US-HICC",2.47905062732852e-05,"kg SO2eq/kWh","Acidification"
"Sheet33","electricity production, photovoltaic, 3kWp slanted-roof installation, single-Si, panel, mounted","US-HICC",0.000501630611438732,"kg SO2eq/kWh","Acidification"
"Sheet37","electricity production, nuclear, pressure water reactor","US-MRO",4.90622596736604e-05,"kg SO2eq/kWh","Acidification"
"Sheet39","electricity, high voltage, import from CA-MB","US-MRO",4.72719178083397e-05,"kg SO2eq/kWh","Acidification"
"Sheet4","electricity production, lignite","US-ASCC",0.00450354811315024,"kg SO2eq/kWh","Acidification"
"Sheet42","electricity production, oil","US-MRO",0.00982616133415912,"kg SO2eq/kWh","Acidification"
"Sheet43","electricity, high voltage, import from CA-SK","US-MRO",0.00176563858490172,"kg SO2eq/kWh","Acidification"
"Sheet44","electricity production, wind, 1-3MW turbine, onshore","US-MRO",6.95883781601763e-05,"kg SO2eq/kWh","Acidification"
"Sheet45","electricity production, natural gas, combined cycle power plant","US-MRO",0.000268468549180819,"kg SO2eq/kWh","Acidification"
"Sheet46","electricity production, hydro, run-of-river","US-MRO",1.91650029278332e-05,"kg SO2eq/kWh","Acidification"
"Sheet47","electricity production, wind, <1MW turbine, onshore","US-MRO",6.85095835341823e-05,"kg SO2eq/kWh","Acidification"
"Sheet48","electricity production, lignite","US-MRO",0.00422045123483055,"kg SO2eq/kWh","Acidification"
"Sheet49","electricity production, hydro, reservoir, alpine region","US-MRO",2.48342913889241e-05,"kg SO2eq/kWh","Acidification"
"Sheet51","electricity production, hard coal","US-MRO",0.00482558899573423,"kg SO2eq/kWh","Acidification"
"Sheet52","electricity production, natural gas, conventional power plant","US-MRO",0.000535320777691198,"kg SO2eq/kWh","Acidification"
"Sheet53","electricity production, hydro, pumped storage","US-MRO",0.00247720949242038,"kg SO2eq/kWh","Acidification"
"Sheet54","electricity production, nuclear, boiling water reactor","US-MRO",5.17293275900488e-05,"kg SO2eq/kWh","Acidification"
"Sheet55","electricity production, wind, >3MW turbine, onshore","US-MRO",0.000221588325783056,"kg SO2eq/kWh","Acidification"
"Sheet56","electricity production, nuclear, boiling water reactor","US-NPCC",5.17293275900488e-05,"kg SO2eq/kWh","Acidification"
"Sheet57","electricity production, lignite","US-NPCC",0.00510914134086509,"kg SO2eq/kWh","Acidification"
"Sheet58","electricity production, photovoltaic, 570kWp open ground installation, multi-Si","US-NPCC",0.000390962344691272,"kg SO2eq/kWh","Acidification"
"Sheet59","electricity production, wind, <1MW turbine, onshore","US-NPCC",6.85095835341823e-05,"kg SO2eq/kWh","Acidification"
"Sheet6","electricity voltage transformation from high to medium voltage","US-ASCC",0.00202247956728199,"kg SO2eq/kWh","Acidification"
"Sheet63","electricity production, hydro, reservoir, alpine region","US-NPCC",2.48342913889241e-05,"kg SO2eq/kWh","Acidification"
"Sheet64","electricity production, hydro, run-of-river","US-NPCC",1.91650029278332e-05,"kg SO2eq/kWh","Acidification"
"Sheet65","electricity production, wind, 1-3MW turbine, onshore","US-NPCC",6.95883781601763e-05,"kg SO2eq/kWh","Acidification"
"Sheet67","electricity, high voltage, import from CA-NS","US-NPCC",0.00527822420804597,"kg SO2eq/kWh","Acidification"
"Sheet68","electricity production, hard coal","US-NPCC",0.00547119277119464,"kg SO2eq/kWh","Acidification"
"Sheet69","electricity production, oil","US-NPCC",0.00914849503525161,"kg SO2eq/kWh","Acidification"
"Sheet7","electricity production, natural gas, combined cycle power plant","US-ASCC",0.000308309997606307,"kg SO2eq/kWh","Acidification"
"Sheet70","electricity production, photovoltaic, 3kWp slanted-roof installation, single-Si, panel, mounted","US-NPCC",0.000504569033430422,"kg SO2eq/kWh","Acidification"
"Sheet72","electricity production, natural gas, conventional power plant","US-NPCC",0.000346176757403603,"kg SO2eq/kWh","Acidification"
"Sheet73","electricity production, nuclear, pressure water reactor","US-NPCC",4.90622596736604e-05,"kg SO2eq/kWh","Acidification"
"Sheet74","electricity, high voltage, import from CA-NB","US-NPCC",0.00134566537952291,"kg SO2eq/kWh","Acidification"
"Sheet75","electricity production, photovoltaic, 3kWp slanted-roof installation, multi-Si, panel, mounted","US-NPCC",0.000464522879289128,"kg SO2eq/kWh","Acidification"
"Sheet77","electricity, high voltage, import from CA-ON","US-NPCC",0.000145303803958004,"kg SO2eq/kWh","Acidification"
"Sheet78","electricity production, wind, >3MW turbine, onshore","US-NPCC",0.000221588325783056,"kg SO2eq/kWh","Acidification"
"Sheet79","electricity production, hydro, pumped storage","US-NPCC",0.000355597482481701,"kg SO2eq/kWh","Acidification"
"Sheet8","electricity production, hydro, run-of-river","US-ASCC",1.91650029278332e-05,"kg SO2eq/kWh","Acidification"
"Sheet80","electricity production, natural gas, combined cycle power plant","US-NPCC",0.000265581758786297,"kg SO2eq/kWh","Acidification"
"Sheet81","electricity production, hydro, pumped storage","US-RFC",0.00202889861989802,"kg SO2eq/kWh","Acidification"
"Sheet82","electricity production, wind, >3MW turbine, onshore","US-RFC",0.000221588325783056,"kg SO2eq/kWh","Acidification"
"Sheet85","electricity production, natural gas, combined cycle power plant","US-RFC",0.000262758414334512,"kg SO2eq/kWh","Acidification"
"Sheet86","electricity production, photovoltaic, 3kWp slanted-roof installation, multi-Si, panel, mounted","US-RFC",0.000464522879289128,"kg SO2eq/kWh","Acidification"
"Sheet87","electricity production, photovoltaic, 3kWp slanted-roof installation, single-Si, panel, mounted","US-RFC",0.000504569033430422,"kg SO2eq/kWh","Acidification"
"Sheet88","electricity production, wind, 1-3MW turbine, onshore","US-RFC",6.95883781601763e-05,"kg SO2eq/kWh","Acidification"
"Sheet89","electricity production, wind, <1MW turbine, onshore","US-RFC",6.85095835341823e-05,"kg SO2eq/kWh","Acidification"
"Sheet9","electricity production, natural gas, conventional power plant","US-ASCC",0.000676988005549967,"kg SO2eq/kWh","Acidification"
"Sheet90","electricity production, lignite","US-RFC",0.00440468212736567,"kg SO2eq/kWh","Acidification"
"Sheet92","electricity production, natural gas, conventional power plant","US-RFC",0.000402713261485107,"kg SO2eq/kWh","Acidification"
"Sheet93","electricity production, nuclear, pressure water reactor","US-RFC",4.90622596736604e-05,"kg SO2eq/kWh","Acidification"
"Sheet94","electricity production, photovoltaic, 570kWp open ground installation, multi-Si","US-RFC",0.000390962344691272,"kg SO2eq/kWh","Acidification"
"Sheet95","electricity production, hydro, reservoir, alpine region","US-RFC",2.48342913889241e-05,"kg SO2eq/kWh","Acidification"
"Sheet96","electricity production, hydro, run-of-river","US-RFC",1.91650029278332e-05,"kg SO2eq/kWh","Acidification"
"Sheet98","electricity production, nuclear, boiling water reactor","US-RFC",5.17293275900488e-05,"kg SO2eq/kWh","Acidification"
