"SRNAME","key","value","fuel","share","period"
"HICC Miscellaneous","SRGENACL",0,"Coal",0,2022
"HICC Miscellaneous","SRGENACL",0,"Coal",0,2023
"HICC Miscellaneous","SRGENACL",0,"Coal",0,2024
"HICC Miscellaneous","SRGENACL",0,"Coal",0,2025
"HICC Miscellaneous","SRGENACL",0,"Coal",0,2026
"HICC Miscellaneous","SRGENACL",0,"Coal",0,2027
"HICC Miscellaneous","SRGENACL",0,"Coal",0,2028
"HICC Miscellaneous","SRGENACL",0,"Coal",0,2029
"HICC Miscellaneous","SRGENACL",0,"Coal",0,2030
"HICC Miscellaneous","SRGENACL",0,"Coal",0,2031
"HICC Miscellaneous","SRGENACL",0,"Coal",0,2032
"HICC Miscellaneous","SRGENACL",0,"Coal",0,2033
"HICC Miscellaneous","SRGENACL",0,"Coal",0,2034
"HICC Miscellaneous","SRGENACL",0,"Coal",0,2035
"HICC Miscellaneous","SRGENACL",0,"Coal",0,2036
"HICC Miscellaneous","SRGENACL",0,"Coal",0,2037
"HICC Miscellaneous","SRGENACL",0,"Coal",0,2038
"HICC Miscellaneous","SRGENACL",0,"Coal",0,2039
"HICC Miscellaneous","SRGENACL",0,"Coal",0,2040
"HICC Miscellaneous","SRGENACL",0,"Coal",0,2041
"HICC Miscellaneous","SRGENACL",0,"Coal",0,2042
"HICC Miscellaneous","SRGENACL",0,"Coal",0,2043
"HICC Miscellaneous","SRGENACL",0,"Coal",0,2044
"HICC Miscellaneous","SRGENACL",0,"Coal",0,2045
"HICC Miscellaneous","SRGENACL",0,"Coal",0,2046
"HICC Miscellaneous","SRGENACL",0,"Coal",0,2047
"HICC Miscellaneous","SRGENACL",0,"Coal",0,2048
"HICC Miscellaneous","SRGENACL",0,"Coal",0,2049
"HICC Miscellaneous","SRGENACL",0,"Coal",0,2050
"HICC Miscellaneous","SRGENAOL",1721735.651,"Petroleum",0.658525116731908,2022
"HICC Miscellaneous","SRGENAOL",1721735.651,"Petroleum",0.658525116731908,2023
"HICC Miscellaneous","SRGENAOL",1721735.651,"Petroleum",0.628592156880457,2024
"HICC Miscellaneous","SRGENAOL",1721735.651,"Petroleum",0.598659197029007,2025
"HICC Miscellaneous","SRGENAOL",1721735.651,"Petroleum",0.568726237177557,2026
"HICC Miscellaneous","SRGENAOL",1721735.651,"Petroleum",0.538793277326106,2027
"HICC Miscellaneous","SRGENAOL",1721735.651,"Petroleum",0.508860317474656,2028
"HICC Miscellaneous","SRGENAOL",1721735.651,"Petroleum",0.478927357623206,2029
"HICC Miscellaneous","SRGENAOL",1721735.651,"Petroleum",0.448994397771755,2030
"HICC Miscellaneous","SRGENAOL",1721735.651,"Petroleum",0.419061437920305,2031
"HICC Miscellaneous","SRGENAOL",1721735.651,"Petroleum",0.389128478068855,2032
"HICC Miscellaneous","SRGENAOL",1721735.651,"Petroleum",0.359195518217404,2033
"HICC Miscellaneous","SRGENAOL",1721735.651,"Petroleum",0.329262558365954,2034
"HICC Miscellaneous","SRGENAOL",1721735.651,"Petroleum",0.299329598514503,2035
"HICC Miscellaneous","SRGENAOL",1721735.651,"Petroleum",0.269396638663053,2036
"HICC Miscellaneous","SRGENAOL",1721735.651,"Petroleum",0.239463678811603,2037
"HICC Miscellaneous","SRGENAOL",1721735.651,"Petroleum",0.209530718960152,2038
"HICC Miscellaneous","SRGENAOL",1721735.651,"Petroleum",0.179597759108702,2039
"HICC Miscellaneous","SRGENAOL",1721735.651,"Petroleum",0.149664799257252,2040
"HICC Miscellaneous","SRGENAOL",1721735.651,"Petroleum",0.119731839405801,2041
"HICC Miscellaneous","SRGENAOL",1721735.651,"Petroleum",0.089798879554351,2042
"HICC Miscellaneous","SRGENAOL",1721735.651,"Petroleum",0.0598659197029007,2043
"HICC Miscellaneous","SRGENAOL",1721735.651,"Petroleum",0.0299329598514503,2044
"HICC Miscellaneous","SRGENAOL",1721735.651,"Petroleum",0,2045
"HICC Miscellaneous","SRGENAOL",1721735.651,"Petroleum",0,2046
"HICC Miscellaneous","SRGENAOL",1721735.651,"Petroleum",0,2047
"HICC Miscellaneous","SRGENAOL",1721735.651,"Petroleum",0,2048
"HICC Miscellaneous","SRGENAOL",1721735.651,"Petroleum",0,2049
"HICC Miscellaneous","SRGENAOL",1721735.651,"Petroleum",0,2050
"HICC Miscellaneous","SRGENAGS",0,"Natural Gas Conventional",0,2022
"HICC Miscellaneous","SRGENAGS",0,"Natural Gas Conventional",0,2023
"HICC Miscellaneous","SRGENAGS",0,"Natural Gas Conventional",0,2024
"HICC Miscellaneous","SRGENAGS",0,"Natural Gas Conventional",0,2025
"HICC Miscellaneous","SRGENAGS",0,"Natural Gas Conventional",0,2026
"HICC Miscellaneous","SRGENAGS",0,"Natural Gas Conventional",0,2027
"HICC Miscellaneous","SRGENAGS",0,"Natural Gas Conventional",0,2028
"HICC Miscellaneous","SRGENAGS",0,"Natural Gas Conventional",0,2029
"HICC Miscellaneous","SRGENAGS",0,"Natural Gas Conventional",0,2030
"HICC Miscellaneous","SRGENAGS",0,"Natural Gas Conventional",0,2031
"HICC Miscellaneous","SRGENAGS",0,"Natural Gas Conventional",0,2032
"HICC Miscellaneous","SRGENAGS",0,"Natural Gas Conventional",0,2033
"HICC Miscellaneous","SRGENAGS",0,"Natural Gas Conventional",0,2034
"HICC Miscellaneous","SRGENAGS",0,"Natural Gas Conventional",0,2035
"HICC Miscellaneous","SRGENAGS",0,"Natural Gas Conventional",0,2036
"HICC Miscellaneous","SRGENAGS",0,"Natural Gas Conventional",0,2037
"HICC Miscellaneous","SRGENAGS",0,"Natural Gas Conventional",0,2038
"HICC Miscellaneous","SRGENAGS",0,"Natural Gas Conventional",0,2039
"HICC Miscellaneous","SRGENAGS",0,"Natural Gas Conventional",0,2040
"HICC Miscellaneous","SRGENAGS",0,"Natural Gas Conventional",0,2041
"HICC Miscellaneous","SRGENAGS",0,"Natural Gas Conventional",0,2042
"HICC Miscellaneous","SRGENAGS",0,"Natural Gas Conventional",0,2043
"HICC Miscellaneous","SRGENAGS",0,"Natural Gas Conventional",0,2044
"HICC Miscellaneous","SRGENAGS",0,"Natural Gas Conventional",0,2045
"HICC Miscellaneous","SRGENAGS",0,"Natural Gas Conventional",0,2046
"HICC Miscellaneous","SRGENAGS",0,"Natural Gas Conventional",0,2047
"HICC Miscellaneous","SRGENAGS",0,"Natural Gas Conventional",0,2048
"HICC Miscellaneous","SRGENAGS",0,"Natural Gas Conventional",0,2049
"HICC Miscellaneous","SRGENAGS",0,"Natural Gas Conventional",0,2050
"HICC Miscellaneous","SRGENANC",0,"Nuclear",0,2022
"HICC Miscellaneous","SRGENANC",0,"Nuclear",0,2023
"HICC Miscellaneous","SRGENANC",0,"Nuclear",0,2024
"HICC Miscellaneous","SRGENANC",0,"Nuclear",0,2025
"HICC Miscellaneous","SRGENANC",0,"Nuclear",0,2026
"HICC Miscellaneous","SRGENANC",0,"Nuclear",0,2027
"HICC Miscellaneous","SRGENANC",0,"Nuclear",0,2028
"HICC Miscellaneous","SRGENANC",0,"Nuclear",0,2029
"HICC Miscellaneous","SRGENANC",0,"Nuclear",0,2030
"HICC Miscellaneous","SRGENANC",0,"Nuclear",0,2031
"HICC Miscellaneous","SRGENANC",0,"Nuclear",0,2032
"HICC Miscellaneous","SRGENANC",0,"Nuclear",0,2033
"HICC Miscellaneous","SRGENANC",0,"Nuclear",0,2034
"HICC Miscellaneous","SRGENANC",0,"Nuclear",0,2035
"HICC Miscellaneous","SRGENANC",0,"Nuclear",0,2036
"HICC Miscellaneous","SRGENANC",0,"Nuclear",0,2037
"HICC Miscellaneous","SRGENANC",0,"Nuclear",0,2038
"HICC Miscellaneous","SRGENANC",0,"Nuclear",0,2039
"HICC Miscellaneous","SRGENANC",0,"Nuclear",0,2040
"HICC Miscellaneous","SRGENANC",0,"Nuclear",0,2041
"HICC Miscellaneous","SRGENANC",0,"Nuclear",0,2042
"HICC Miscellaneous","SRGENANC",0,"Nuclear",0,2043
"HICC Miscellaneous","SRGENANC",0,"Nuclear",0,2044
"HICC Miscellaneous","SRGENANC",0,"Nuclear",0,2045
"HICC Miscellaneous","SRGENANC",0,"Nuclear",0,2046
"HICC Miscellaneous","SRGENANC",0,"Nuclear",0,2047
"HICC Miscellaneous","SRGENANC",0,"Nuclear",0,2048
"HICC Miscellaneous","SRGENANC",0,"Nuclear",0,2049
"HICC Miscellaneous","SRGENANC",0,"Nuclear",0,2050
"HICC Miscellaneous","SRGENAHY",93299,"Hydropower",0.0356847666076296,2022
"HICC Miscellaneous","SRGENAHY",93299,"Hydropower",0.0356847666076296,2023
"HICC Miscellaneous","SRGENAHY",93299,"Hydropower",0.0388194321893982,2024
"HICC Miscellaneous","SRGENAHY",93299,"Hydropower",0.0419540977711668,2025
"HICC Miscellaneous","SRGENAHY",93299,"Hydropower",0.0450887633529354,2026
"HICC Miscellaneous","SRGENAHY",93299,"Hydropower",0.048223428934704,2027
"HICC Miscellaneous","SRGENAHY",93299,"Hydropower",0.0513580945164725,2028
"HICC Miscellaneous","SRGENAHY",93299,"Hydropower",0.0544927600982411,2029
"HICC Miscellaneous","SRGENAHY",93299,"Hydropower",0.0576274256800097,2030
"HICC Miscellaneous","SRGENAHY",93299,"Hydropower",0.0607620912617783,2031
"HICC Miscellaneous","SRGENAHY",93299,"Hydropower",0.0638967568435469,2032
"HICC Miscellaneous","SRGENAHY",93299,"Hydropower",0.0670314224253155,2033
"HICC Miscellaneous","SRGENAHY",93299,"Hydropower",0.070166088007084,2034
"HICC Miscellaneous","SRGENAHY",93299,"Hydropower",0.0733007535888526,2035
"HICC Miscellaneous","SRGENAHY",93299,"Hydropower",0.0764354191706212,2036
"HICC Miscellaneous","SRGENAHY",93299,"Hydropower",0.0795700847523898,2037
"HICC Miscellaneous","SRGENAHY",93299,"Hydropower",0.0827047503341584,2038
"HICC Miscellaneous","SRGENAHY",93299,"Hydropower",0.085839415915927,2039
"HICC Miscellaneous","SRGENAHY",93299,"Hydropower",0.0889740814976956,2040
"HICC Miscellaneous","SRGENAHY",93299,"Hydropower",0.0921087470794641,2041
"HICC Miscellaneous","SRGENAHY",93299,"Hydropower",0.0952434126612327,2042
"HICC Miscellaneous","SRGENAHY",93299,"Hydropower",0.0983780782430013,2043
"HICC Miscellaneous","SRGENAHY",93299,"Hydropower",0.10151274382477,2044
"HICC Miscellaneous","SRGENAHY",93299,"Hydropower",0.104647409406538,2045
"HICC Miscellaneous","SRGENAHY",93299,"Hydropower",0.104647409406538,2046
"HICC Miscellaneous","SRGENAHY",93299,"Hydropower",0.104647409406538,2047
"HICC Miscellaneous","SRGENAHY",93299,"Hydropower",0.104647409406538,2048
"HICC Miscellaneous","SRGENAHY",93299,"Hydropower",0.104647409406538,2049
"HICC Miscellaneous","SRGENAHY",93299,"Hydropower",0.104647409406538,2050
"HICC Miscellaneous","SRGENABM",123717.352,"Wood and Other Biomass",0.0473191012919105,2022
"HICC Miscellaneous","SRGENABM",123717.352,"Wood and Other Biomass",0.0473191012919105,2023
"HICC Miscellaneous","SRGENABM",123717.352,"Wood and Other Biomass",0.051475764548558,2024
"HICC Miscellaneous","SRGENABM",123717.352,"Wood and Other Biomass",0.0556324278052054,2025
"HICC Miscellaneous","SRGENABM",123717.352,"Wood and Other Biomass",0.0597890910618528,2026
"HICC Miscellaneous","SRGENABM",123717.352,"Wood and Other Biomass",0.0639457543185002,2027
"HICC Miscellaneous","SRGENABM",123717.352,"Wood and Other Biomass",0.0681024175751477,2028
"HICC Miscellaneous","SRGENABM",123717.352,"Wood and Other Biomass",0.0722590808317951,2029
"HICC Miscellaneous","SRGENABM",123717.352,"Wood and Other Biomass",0.0764157440884426,2030
"HICC Miscellaneous","SRGENABM",123717.352,"Wood and Other Biomass",0.08057240734509,2031
"HICC Miscellaneous","SRGENABM",123717.352,"Wood and Other Biomass",0.0847290706017374,2032
"HICC Miscellaneous","SRGENABM",123717.352,"Wood and Other Biomass",0.0888857338583848,2033
"HICC Miscellaneous","SRGENABM",123717.352,"Wood and Other Biomass",0.0930423971150323,2034
"HICC Miscellaneous","SRGENABM",123717.352,"Wood and Other Biomass",0.0971990603716797,2035
"HICC Miscellaneous","SRGENABM",123717.352,"Wood and Other Biomass",0.101355723628327,2036
"HICC Miscellaneous","SRGENABM",123717.352,"Wood and Other Biomass",0.105512386884975,2037
"HICC Miscellaneous","SRGENABM",123717.352,"Wood and Other Biomass",0.109669050141622,2038
"HICC Miscellaneous","SRGENABM",123717.352,"Wood and Other Biomass",0.113825713398269,2039
"HICC Miscellaneous","SRGENABM",123717.352,"Wood and Other Biomass",0.117982376654917,2040
"HICC Miscellaneous","SRGENABM",123717.352,"Wood and Other Biomass",0.122139039911564,2041
"HICC Miscellaneous","SRGENABM",123717.352,"Wood and Other Biomass",0.126295703168212,2042
"HICC Miscellaneous","SRGENABM",123717.352,"Wood and Other Biomass",0.130452366424859,2043
"HICC Miscellaneous","SRGENABM",123717.352,"Wood and Other Biomass",0.134609029681507,2044
"HICC Miscellaneous","SRGENABM",123717.352,"Wood and Other Biomass",0.138765692938154,2045
"HICC Miscellaneous","SRGENABM",123717.352,"Wood and Other Biomass",0.138765692938154,2046
"HICC Miscellaneous","SRGENABM",123717.352,"Wood and Other Biomass",0.138765692938154,2047
"HICC Miscellaneous","SRGENABM",123717.352,"Wood and Other Biomass",0.138765692938154,2048
"HICC Miscellaneous","SRGENABM",123717.352,"Wood and Other Biomass",0.138765692938154,2049
"HICC Miscellaneous","SRGENABM",123717.352,"Wood and Other Biomass",0.138765692938154,2050
"HICC Miscellaneous","SRGENAWI",315184,"Wind",0.120550782735711,2022
"HICC Miscellaneous","SRGENAWI",315184,"Wind",0.120550782735711,2023
"HICC Miscellaneous","SRGENAWI",315184,"Wind",0.131140354293007,2024
"HICC Miscellaneous","SRGENAWI",315184,"Wind",0.141729925850303,2025
"HICC Miscellaneous","SRGENAWI",315184,"Wind",0.152319497407599,2026
"HICC Miscellaneous","SRGENAWI",315184,"Wind",0.162909068964895,2027
"HICC Miscellaneous","SRGENAWI",315184,"Wind",0.173498640522191,2028
"HICC Miscellaneous","SRGENAWI",315184,"Wind",0.184088212079487,2029
"HICC Miscellaneous","SRGENAWI",315184,"Wind",0.194677783636783,2030
"HICC Miscellaneous","SRGENAWI",315184,"Wind",0.205267355194078,2031
"HICC Miscellaneous","SRGENAWI",315184,"Wind",0.215856926751374,2032
"HICC Miscellaneous","SRGENAWI",315184,"Wind",0.22644649830867,2033
"HICC Miscellaneous","SRGENAWI",315184,"Wind",0.237036069865966,2034
"HICC Miscellaneous","SRGENAWI",315184,"Wind",0.247625641423262,2035
"HICC Miscellaneous","SRGENAWI",315184,"Wind",0.258215212980558,2036
"HICC Miscellaneous","SRGENAWI",315184,"Wind",0.268804784537854,2037
"HICC Miscellaneous","SRGENAWI",315184,"Wind",0.27939435609515,2038
"HICC Miscellaneous","SRGENAWI",315184,"Wind",0.289983927652446,2039
"HICC Miscellaneous","SRGENAWI",315184,"Wind",0.300573499209742,2040
"HICC Miscellaneous","SRGENAWI",315184,"Wind",0.311163070767037,2041
"HICC Miscellaneous","SRGENAWI",315184,"Wind",0.321752642324333,2042
"HICC Miscellaneous","SRGENAWI",315184,"Wind",0.332342213881629,2043
"HICC Miscellaneous","SRGENAWI",315184,"Wind",0.342931785438925,2044
"HICC Miscellaneous","SRGENAWI",315184,"Wind",0.353521356996221,2045
"HICC Miscellaneous","SRGENAWI",315184,"Wind",0.353521356996221,2046
"HICC Miscellaneous","SRGENAWI",315184,"Wind",0.353521356996221,2047
"HICC Miscellaneous","SRGENAWI",315184,"Wind",0.353521356996221,2048
"HICC Miscellaneous","SRGENAWI",315184,"Wind",0.353521356996221,2049
"HICC Miscellaneous","SRGENAWI",315184,"Wind",0.353521356996221,2050
"HICC Miscellaneous","SRGENASO",168009,"Solar Photovoltaic",0.0642596592994699,2022
"HICC Miscellaneous","SRGENASO",168009,"Solar Photovoltaic",0.0642596592994699,2023
"HICC Miscellaneous","SRGENASO",168009,"Solar Photovoltaic",0.0699044360894394,2024
"HICC Miscellaneous","SRGENASO",168009,"Solar Photovoltaic",0.0755492128794088,2025
"HICC Miscellaneous","SRGENASO",168009,"Solar Photovoltaic",0.0811939896693782,2026
"HICC Miscellaneous","SRGENASO",168009,"Solar Photovoltaic",0.0868387664593477,2027
"HICC Miscellaneous","SRGENASO",168009,"Solar Photovoltaic",0.0924835432493171,2028
"HICC Miscellaneous","SRGENASO",168009,"Solar Photovoltaic",0.0981283200392865,2029
"HICC Miscellaneous","SRGENASO",168009,"Solar Photovoltaic",0.103773096829256,2030
"HICC Miscellaneous","SRGENASO",168009,"Solar Photovoltaic",0.109417873619225,2031
"HICC Miscellaneous","SRGENASO",168009,"Solar Photovoltaic",0.115062650409195,2032
"HICC Miscellaneous","SRGENASO",168009,"Solar Photovoltaic",0.120707427199164,2033
"HICC Miscellaneous","SRGENASO",168009,"Solar Photovoltaic",0.126352203989134,2034
"HICC Miscellaneous","SRGENASO",168009,"Solar Photovoltaic",0.131996980779103,2035
"HICC Miscellaneous","SRGENASO",168009,"Solar Photovoltaic",0.137641757569073,2036
"HICC Miscellaneous","SRGENASO",168009,"Solar Photovoltaic",0.143286534359042,2037
"HICC Miscellaneous","SRGENASO",168009,"Solar Photovoltaic",0.148931311149011,2038
"HICC Miscellaneous","SRGENASO",168009,"Solar Photovoltaic",0.154576087938981,2039
"HICC Miscellaneous","SRGENASO",168009,"Solar Photovoltaic",0.16022086472895,2040
"HICC Miscellaneous","SRGENASO",168009,"Solar Photovoltaic",0.16586564151892,2041
"HICC Miscellaneous","SRGENASO",168009,"Solar Photovoltaic",0.171510418308889,2042
"HICC Miscellaneous","SRGENASO",168009,"Solar Photovoltaic",0.177155195098859,2043
"HICC Miscellaneous","SRGENASO",168009,"Solar Photovoltaic",0.182799971888828,2044
"HICC Miscellaneous","SRGENASO",168009,"Solar Photovoltaic",0.188444748678797,2045
"HICC Miscellaneous","SRGENASO",168009,"Solar Photovoltaic",0.188444748678797,2046
"HICC Miscellaneous","SRGENASO",168009,"Solar Photovoltaic",0.188444748678797,2047
"HICC Miscellaneous","SRGENASO",168009,"Solar Photovoltaic",0.188444748678797,2048
"HICC Miscellaneous","SRGENASO",168009,"Solar Photovoltaic",0.188444748678797,2049
"HICC Miscellaneous","SRGENASO",168009,"Solar Photovoltaic",0.188444748678797,2050
"HICC Miscellaneous","SRGENAGT",192588,"Geothermal",0.0736605733333709,2022
"HICC Miscellaneous","SRGENAGT",192588,"Geothermal",0.0736605733333709,2023
"HICC Miscellaneous","SRGENAGT",192588,"Geothermal",0.0801311568879819,2024
"HICC Miscellaneous","SRGENAGT",192588,"Geothermal",0.0866017404425928,2025
"HICC Miscellaneous","SRGENAGT",192588,"Geothermal",0.0930723239972038,2026
"HICC Miscellaneous","SRGENAGT",192588,"Geothermal",0.0995429075518148,2027
"HICC Miscellaneous","SRGENAGT",192588,"Geothermal",0.106013491106426,2028
"HICC Miscellaneous","SRGENAGT",192588,"Geothermal",0.112484074661037,2029
"HICC Miscellaneous","SRGENAGT",192588,"Geothermal",0.118954658215648,2030
"HICC Miscellaneous","SRGENAGT",192588,"Geothermal",0.125425241770259,2031
"HICC Miscellaneous","SRGENAGT",192588,"Geothermal",0.13189582532487,2032
"HICC Miscellaneous","SRGENAGT",192588,"Geothermal",0.138366408879481,2033
"HICC Miscellaneous","SRGENAGT",192588,"Geothermal",0.144836992434092,2034
"HICC Miscellaneous","SRGENAGT",192588,"Geothermal",0.151307575988702,2035
"HICC Miscellaneous","SRGENAGT",192588,"Geothermal",0.157778159543313,2036
"HICC Miscellaneous","SRGENAGT",192588,"Geothermal",0.164248743097924,2037
"HICC Miscellaneous","SRGENAGT",192588,"Geothermal",0.170719326652535,2038
"HICC Miscellaneous","SRGENAGT",192588,"Geothermal",0.177189910207146,2039
"HICC Miscellaneous","SRGENAGT",192588,"Geothermal",0.183660493761757,2040
"HICC Miscellaneous","SRGENAGT",192588,"Geothermal",0.190131077316368,2041
"HICC Miscellaneous","SRGENAGT",192588,"Geothermal",0.196601660870979,2042
"HICC Miscellaneous","SRGENAGT",192588,"Geothermal",0.20307224442559,2043
"HICC Miscellaneous","SRGENAGT",192588,"Geothermal",0.209542827980201,2044
"HICC Miscellaneous","SRGENAGT",192588,"Geothermal",0.216013411534812,2045
"HICC Miscellaneous","SRGENAGT",192588,"Geothermal",0.216013411534812,2046
"HICC Miscellaneous","SRGENAGT",192588,"Geothermal",0.216013411534812,2047
"HICC Miscellaneous","SRGENAGT",192588,"Geothermal",0.216013411534812,2048
"HICC Miscellaneous","SRGENAGT",192588,"Geothermal",0.216013411534812,2049
"HICC Miscellaneous","SRGENAGT",192588,"Geothermal",0.216013411534812,2050
"HICC Miscellaneous","SRGENAOF",0,"Petroleum",0,2022
"HICC Miscellaneous","SRGENAOF",0,"Petroleum",0,2023
"HICC Miscellaneous","SRGENAOF",0,"Petroleum",0,2024
"HICC Miscellaneous","SRGENAOF",0,"Petroleum",0,2025
"HICC Miscellaneous","SRGENAOF",0,"Petroleum",0,2026
"HICC Miscellaneous","SRGENAOF",0,"Petroleum",0,2027
"HICC Miscellaneous","SRGENAOF",0,"Petroleum",0,2028
"HICC Miscellaneous","SRGENAOF",0,"Petroleum",0,2029
"HICC Miscellaneous","SRGENAOF",0,"Petroleum",0,2030
"HICC Miscellaneous","SRGENAOF",0,"Petroleum",0,2031
"HICC Miscellaneous","SRGENAOF",0,"Petroleum",0,2032
"HICC Miscellaneous","SRGENAOF",0,"Petroleum",0,2033
"HICC Miscellaneous","SRGENAOF",0,"Petroleum",0,2034
"HICC Miscellaneous","SRGENAOF",0,"Petroleum",0,2035
"HICC Miscellaneous","SRGENAOF",0,"Petroleum",0,2036
"HICC Miscellaneous","SRGENAOF",0,"Petroleum",0,2037
"HICC Miscellaneous","SRGENAOF",0,"Petroleum",0,2038
"HICC Miscellaneous","SRGENAOF",0,"Petroleum",0,2039
"HICC Miscellaneous","SRGENAOF",0,"Petroleum",0,2040
"HICC Miscellaneous","SRGENAOF",0,"Petroleum",0,2041
"HICC Miscellaneous","SRGENAOF",0,"Petroleum",0,2042
"HICC Miscellaneous","SRGENAOF",0,"Petroleum",0,2043
"HICC Miscellaneous","SRGENAOF",0,"Petroleum",0,2044
"HICC Miscellaneous","SRGENAOF",0,"Petroleum",0,2045
"HICC Miscellaneous","SRGENAOF",0,"Petroleum",0,2046
"HICC Miscellaneous","SRGENAOF",0,"Petroleum",0,2047
"HICC Miscellaneous","SRGENAOF",0,"Petroleum",0,2048
"HICC Miscellaneous","SRGENAOF",0,"Petroleum",0,2049
"HICC Miscellaneous","SRGENAOF",0,"Petroleum",0,2050
"HICC Oahu","SRGENACL",0,"Coal",0,2022
"HICC Oahu","SRGENACL",0,"Coal",0,2023
"HICC Oahu","SRGENACL",0,"Coal",0,2024
"HICC Oahu","SRGENACL",0,"Coal",0,2025
"HICC Oahu","SRGENACL",0,"Coal",0,2026
"HICC Oahu","SRGENACL",0,"Coal",0,2027
"HICC Oahu","SRGENACL",0,"Coal",0,2028
"HICC Oahu","SRGENACL",0,"Coal",0,2029
"HICC Oahu","SRGENACL",0,"Coal",0,2030
"HICC Oahu","SRGENACL",0,"Coal",0,2031
"HICC Oahu","SRGENACL",0,"Coal",0,2032
"HICC Oahu","SRGENACL",0,"Coal",0,2033
"HICC Oahu","SRGENACL",0,"Coal",0,2034
"HICC Oahu","SRGENACL",0,"Coal",0,2035
"HICC Oahu","SRGENACL",0,"Coal",0,2036
"HICC Oahu","SRGENACL",0,"Coal",0,2037
"HICC Oahu","SRGENACL",0,"Coal",0,2038
"HICC Oahu","SRGENACL",0,"Coal",0,2039
"HICC Oahu","SRGENACL",0,"Coal",0,2040
"HICC Oahu","SRGENACL",0,"Coal",0,2041
"HICC Oahu","SRGENACL",0,"Coal",0,2042
"HICC Oahu","SRGENACL",0,"Coal",0,2043
"HICC Oahu","SRGENACL",0,"Coal",0,2044
"HICC Oahu","SRGENACL",0,"Coal",0,2045
"HICC Oahu","SRGENACL",0,"Coal",0,2046
"HICC Oahu","SRGENACL",0,"Coal",0,2047
"HICC Oahu","SRGENACL",0,"Coal",0,2048
"HICC Oahu","SRGENACL",0,"Coal",0,2049
"HICC Oahu","SRGENACL",0,"Coal",0,2050
"HICC Oahu","SRGENAOL",5437720.778,"Petroleum",0.830462428342589,2022
"HICC Oahu","SRGENAOL",5437720.778,"Petroleum",0.830462428342589,2023
"HICC Oahu","SRGENAOL",5437720.778,"Petroleum",0.792714136145199,2024
"HICC Oahu","SRGENAOL",5437720.778,"Petroleum",0.754965843947808,2025
"HICC Oahu","SRGENAOL",5437720.778,"Petroleum",0.717217551750418,2026
"HICC Oahu","SRGENAOL",5437720.778,"Petroleum",0.679469259553027,2027
"HICC Oahu","SRGENAOL",5437720.778,"Petroleum",0.641720967355637,2028
"HICC Oahu","SRGENAOL",5437720.778,"Petroleum",0.603972675158247,2029
"HICC Oahu","SRGENAOL",5437720.778,"Petroleum",0.566224382960856,2030
"HICC Oahu","SRGENAOL",5437720.778,"Petroleum",0.528476090763466,2031
"HICC Oahu","SRGENAOL",5437720.778,"Petroleum",0.490727798566075,2032
"HICC Oahu","SRGENAOL",5437720.778,"Petroleum",0.452979506368685,2033
"HICC Oahu","SRGENAOL",5437720.778,"Petroleum",0.415231214171294,2034
"HICC Oahu","SRGENAOL",5437720.778,"Petroleum",0.377482921973904,2035
"HICC Oahu","SRGENAOL",5437720.778,"Petroleum",0.339734629776514,2036
"HICC Oahu","SRGENAOL",5437720.778,"Petroleum",0.301986337579123,2037
"HICC Oahu","SRGENAOL",5437720.778,"Petroleum",0.264238045381733,2038
"HICC Oahu","SRGENAOL",5437720.778,"Petroleum",0.226489753184342,2039
"HICC Oahu","SRGENAOL",5437720.778,"Petroleum",0.188741460986952,2040
"HICC Oahu","SRGENAOL",5437720.778,"Petroleum",0.150993168789562,2041
"HICC Oahu","SRGENAOL",5437720.778,"Petroleum",0.113244876592171,2042
"HICC Oahu","SRGENAOL",5437720.778,"Petroleum",0.0754965843947808,2043
"HICC Oahu","SRGENAOL",5437720.778,"Petroleum",0.0377482921973903,2044
"HICC Oahu","SRGENAOL",5437720.778,"Petroleum",0,2045
"HICC Oahu","SRGENAOL",5437720.778,"Petroleum",0,2046
"HICC Oahu","SRGENAOL",5437720.778,"Petroleum",0,2047
"HICC Oahu","SRGENAOL",5437720.778,"Petroleum",0,2048
"HICC Oahu","SRGENAOL",5437720.778,"Petroleum",0,2049
"HICC Oahu","SRGENAOL",5437720.778,"Petroleum",0,2050
"HICC Oahu","SRGENAGS",0,"Natural Gas Conventional",0,2022
"HICC Oahu","SRGENAGS",0,"Natural Gas Conventional",0,2023
"HICC Oahu","SRGENAGS",0,"Natural Gas Conventional",0,2024
"HICC Oahu","SRGENAGS",0,"Natural Gas Conventional",0,2025
"HICC Oahu","SRGENAGS",0,"Natural Gas Conventional",0,2026
"HICC Oahu","SRGENAGS",0,"Natural Gas Conventional",0,2027
"HICC Oahu","SRGENAGS",0,"Natural Gas Conventional",0,2028
"HICC Oahu","SRGENAGS",0,"Natural Gas Conventional",0,2029
"HICC Oahu","SRGENAGS",0,"Natural Gas Conventional",0,2030
"HICC Oahu","SRGENAGS",0,"Natural Gas Conventional",0,2031
"HICC Oahu","SRGENAGS",0,"Natural Gas Conventional",0,2032
"HICC Oahu","SRGENAGS",0,"Natural Gas Conventional",0,2033
"HICC Oahu","SRGENAGS",0,"Natural Gas Conventional",0,2034
"HICC Oahu","SRGENAGS",0,"Natural Gas Conventional",0,2035
"HICC Oahu","SRGENAGS",0,"Natural Gas Conventional",0,2036
"HICC Oahu","SRGENAGS",0,"Natural Gas Conventional",0,2037
"HICC Oahu","SRGENAGS",0,"Natural Gas Conventional",0,2038
"HICC Oahu","SRGENAGS",0,"Natural Gas Conventional",0,2039
"HICC Oahu","SRGENAGS",0,"Natural Gas Conventional",0,2040
"HICC Oahu","SRGENAGS",0,"Natural Gas Conventional",0,2041
"HICC Oahu","SRGENAGS",0,"Natural Gas Conventional",0,2042
"HICC Oahu","SRGENAGS",0,"Natural Gas Conventional",0,2043
"HICC Oahu","SRGENAGS",0,"Natural Gas Conventional",0,2044
"HICC Oahu","SRGENAGS",0,"Natural Gas Conventional",0,2045
"HICC Oahu","SRGENAGS",0,"Natural Gas Conventional",0,2046
"HICC Oahu","SRGENAGS",0,"Natural Gas Conventional",0,2047
"HICC Oahu","SRGENAGS",0,"Natural Gas Conventional",0,2048
"HICC Oahu","SRGENAGS",0,"Natural Gas Conventional",0,2049
"HICC Oahu","SRGENAGS",0,"Natural Gas Conventional",0,2050
"HICC Oahu","SRGENANC",0,"Nuclear",0,2022
"HICC Oahu","SRGENANC",0,"Nuclear",0,2023
"HICC Oahu","SRGENANC",0,"Nuclear",0,2024
"HICC Oahu","SRGENANC",0,"Nuclear",0,2025
"HICC Oahu","SRGENANC",0,"Nuclear",0,2026
"HICC Oahu","SRGENANC",0,"Nuclear",0,2027
"HICC Oahu","SRGENANC",0,"Nuclear",0,2028
"HICC Oahu","SRGENANC",0,"Nuclear",0,2029
"HICC Oahu","SRGENANC",0,"Nuclear",0,2030
"HICC Oahu","SRGENANC",0,"Nuclear",0,2031
"HICC Oahu","SRGENANC",0,"Nuclear",0,2032
"HICC Oahu","SRGENANC",0,"Nuclear",0,2033
"HICC Oahu","SRGENANC",0,"Nuclear",0,2034
"HICC Oahu","SRGENANC",0,"Nuclear",0,2035
"HICC Oahu","SRGENANC",0,"Nuclear",0,2036
"HICC Oahu","SRGENANC",0,"Nuclear",0,2037
"HICC Oahu","SRGENANC",0,"Nuclear",0,2038
"HICC Oahu","SRGENANC",0,"Nuclear",0,2039
"HICC Oahu","SRGENANC",0,"Nuclear",0,2040
"HICC Oahu","SRGENANC",0,"Nuclear",0,2041
"HICC Oahu","SRGENANC",0,"Nuclear",0,2042
"HICC Oahu","SRGENANC",0,"Nuclear",0,2043
"HICC Oahu","SRGENANC",0,"Nuclear",0,2044
"HICC Oahu","SRGENANC",0,"Nuclear",0,2045
"HICC Oahu","SRGENANC",0,"Nuclear",0,2046
"HICC Oahu","SRGENANC",0,"Nuclear",0,2047
"HICC Oahu","SRGENANC",0,"Nuclear",0,2048
"HICC Oahu","SRGENANC",0,"Nuclear",0,2049
"HICC Oahu","SRGENANC",0,"Nuclear",0,2050
"HICC Oahu","SRGENAHY",0,"Hydropower",0,2022
"HICC Oahu","SRGENAHY",0,"Hydropower",0,2023
"HICC Oahu","SRGENAHY",0,"Hydropower",0,2024
"HICC Oahu","SRGENAHY",0,"Hydropower",0,2025
"HICC Oahu","SRGENAHY",0,"Hydropower",0,2026
"HICC Oahu","SRGENAHY",0,"Hydropower",0,2027
"HICC Oahu","SRGENAHY",0,"Hydropower",0,2028
"HICC Oahu","SRGENAHY",0,"Hydropower",0,2029
"HICC Oahu","SRGENAHY",0,"Hydropower",0,2030
"HICC Oahu","SRGENAHY",0,"Hydropower",0,2031
"HICC Oahu","SRGENAHY",0,"Hydropower",0,2032
"HICC Oahu","SRGENAHY",0,"Hydropower",0,2033
"HICC Oahu","SRGENAHY",0,"Hydropower",0,2034
"HICC Oahu","SRGENAHY",0,"Hydropower",0,2035
"HICC Oahu","SRGENAHY",0,"Hydropower",0,2036
"HICC Oahu","SRGENAHY",0,"Hydropower",0,2037
"HICC Oahu","SRGENAHY",0,"Hydropower",0,2038
"HICC Oahu","SRGENAHY",0,"Hydropower",0,2039
"HICC Oahu","SRGENAHY",0,"Hydropower",0,2040
"HICC Oahu","SRGENAHY",0,"Hydropower",0,2041
"HICC Oahu","SRGENAHY",0,"Hydropower",0,2042
"HICC Oahu","SRGENAHY",0,"Hydropower",0,2043
"HICC Oahu","SRGENAHY",0,"Hydropower",0,2044
"HICC Oahu","SRGENAHY",0,"Hydropower",0,2045
"HICC Oahu","SRGENAHY",0,"Hydropower",0,2046
"HICC Oahu","SRGENAHY",0,"Hydropower",0,2047
"HICC Oahu","SRGENAHY",0,"Hydropower",0,2048
"HICC Oahu","SRGENAHY",0,"Hydropower",0,2049
"HICC Oahu","SRGENAHY",0,"Hydropower",0,2050
"HICC Oahu","SRGENABM",164005.008,"Wood and Other Biomass",0.0250472583577784,2022
"HICC Oahu","SRGENABM",164005.008,"Wood and Other Biomass",0.0250472583577784,2023
"HICC Oahu","SRGENABM",164005.008,"Wood and Other Biomass",0.0319264349489992,2024
"HICC Oahu","SRGENABM",164005.008,"Wood and Other Biomass",0.03880561154022,2025
"HICC Oahu","SRGENABM",164005.008,"Wood and Other Biomass",0.0456847881314409,2026
"HICC Oahu","SRGENABM",164005.008,"Wood and Other Biomass",0.0525639647226617,2027
"HICC Oahu","SRGENABM",164005.008,"Wood and Other Biomass",0.0594431413138825,2028
"HICC Oahu","SRGENABM",164005.008,"Wood and Other Biomass",0.0663223179051034,2029
"HICC Oahu","SRGENABM",164005.008,"Wood and Other Biomass",0.0732014944963242,2030
"HICC Oahu","SRGENABM",164005.008,"Wood and Other Biomass",0.080080671087545,2031
"HICC Oahu","SRGENABM",164005.008,"Wood and Other Biomass",0.0869598476787659,2032
"HICC Oahu","SRGENABM",164005.008,"Wood and Other Biomass",0.0938390242699867,2033
"HICC Oahu","SRGENABM",164005.008,"Wood and Other Biomass",0.100718200861208,2034
"HICC Oahu","SRGENABM",164005.008,"Wood and Other Biomass",0.107597377452428,2035
"HICC Oahu","SRGENABM",164005.008,"Wood and Other Biomass",0.114476554043649,2036
"HICC Oahu","SRGENABM",164005.008,"Wood and Other Biomass",0.12135573063487,2037
"HICC Oahu","SRGENABM",164005.008,"Wood and Other Biomass",0.128234907226091,2038
"HICC Oahu","SRGENABM",164005.008,"Wood and Other Biomass",0.135114083817312,2039
"HICC Oahu","SRGENABM",164005.008,"Wood and Other Biomass",0.141993260408532,2040
"HICC Oahu","SRGENABM",164005.008,"Wood and Other Biomass",0.148872436999753,2041
"HICC Oahu","SRGENABM",164005.008,"Wood and Other Biomass",0.155751613590974,2042
"HICC Oahu","SRGENABM",164005.008,"Wood and Other Biomass",0.162630790182195,2043
"HICC Oahu","SRGENABM",164005.008,"Wood and Other Biomass",0.169509966773416,2044
"HICC Oahu","SRGENABM",164005.008,"Wood and Other Biomass",0.176389143364637,2045
"HICC Oahu","SRGENABM",164005.008,"Wood and Other Biomass",0.176389143364637,2046
"HICC Oahu","SRGENABM",164005.008,"Wood and Other Biomass",0.176389143364637,2047
"HICC Oahu","SRGENABM",164005.008,"Wood and Other Biomass",0.176389143364637,2048
"HICC Oahu","SRGENABM",164005.008,"Wood and Other Biomass",0.176389143364637,2049
"HICC Oahu","SRGENABM",164005.008,"Wood and Other Biomass",0.176389143364637,2050
"HICC Oahu","SRGENAWI",283491,"Wind",0.0432954603380462,2022
"HICC Oahu","SRGENAWI",283491,"Wind",0.0432954603380462,2023
"HICC Oahu","SRGENAWI",283491,"Wind",0.0551864670506082,2024
"HICC Oahu","SRGENAWI",283491,"Wind",0.0670774737631702,2025
"HICC Oahu","SRGENAWI",283491,"Wind",0.0789684804757322,2026
"HICC Oahu","SRGENAWI",283491,"Wind",0.0908594871882942,2027
"HICC Oahu","SRGENAWI",283491,"Wind",0.102750493900856,2028
"HICC Oahu","SRGENAWI",283491,"Wind",0.114641500613418,2029
"HICC Oahu","SRGENAWI",283491,"Wind",0.12653250732598,2030
"HICC Oahu","SRGENAWI",283491,"Wind",0.138423514038542,2031
"HICC Oahu","SRGENAWI",283491,"Wind",0.150314520751104,2032
"HICC Oahu","SRGENAWI",283491,"Wind",0.162205527463666,2033
"HICC Oahu","SRGENAWI",283491,"Wind",0.174096534176228,2034
"HICC Oahu","SRGENAWI",283491,"Wind",0.18598754088879,2035
"HICC Oahu","SRGENAWI",283491,"Wind",0.197878547601352,2036
"HICC Oahu","SRGENAWI",283491,"Wind",0.209769554313914,2037
"HICC Oahu","SRGENAWI",283491,"Wind",0.221660561026476,2038
"HICC Oahu","SRGENAWI",283491,"Wind",0.233551567739038,2039
"HICC Oahu","SRGENAWI",283491,"Wind",0.2454425744516,2040
"HICC Oahu","SRGENAWI",283491,"Wind",0.257333581164162,2041
"HICC Oahu","SRGENAWI",283491,"Wind",0.269224587876724,2042
"HICC Oahu","SRGENAWI",283491,"Wind",0.281115594589286,2043
"HICC Oahu","SRGENAWI",283491,"Wind",0.293006601301848,2044
"HICC Oahu","SRGENAWI",283491,"Wind",0.30489760801441,2045
"HICC Oahu","SRGENAWI",283491,"Wind",0.30489760801441,2046
"HICC Oahu","SRGENAWI",283491,"Wind",0.30489760801441,2047
"HICC Oahu","SRGENAWI",283491,"Wind",0.30489760801441,2048
"HICC Oahu","SRGENAWI",283491,"Wind",0.30489760801441,2049
"HICC Oahu","SRGENAWI",283491,"Wind",0.30489760801441,2050
"HICC Oahu","SRGENASO",484831,"Solar Photovoltaic",0.074044612813653,2022
"HICC Oahu","SRGENASO",484831,"Solar Photovoltaic",0.074044612813653,2023
"HICC Oahu","SRGENASO",484831,"Solar Photovoltaic",0.0943808092906422,2024
"HICC Oahu","SRGENASO",484831,"Solar Photovoltaic",0.114717005767631,2025
"HICC Oahu","SRGENASO",484831,"Solar Photovoltaic",0.135053202244621,2026
"HICC Oahu","SRGENASO",484831,"Solar Photovoltaic",0.15538939872161,2027
"HICC Oahu","SRGENASO",484831,"Solar Photovoltaic",0.175725595198599,2028
"HICC Oahu","SRGENASO",484831,"Solar Photovoltaic",0.196061791675588,2029
"HICC Oahu","SRGENASO",484831,"Solar Photovoltaic",0.216397988152577,2030
"HICC Oahu","SRGENASO",484831,"Solar Photovoltaic",0.236734184629567,2031
"HICC Oahu","SRGENASO",484831,"Solar Photovoltaic",0.257070381106556,2032
"HICC Oahu","SRGENASO",484831,"Solar Photovoltaic",0.277406577583545,2033
"HICC Oahu","SRGENASO",484831,"Solar Photovoltaic",0.297742774060534,2034
"HICC Oahu","SRGENASO",484831,"Solar Photovoltaic",0.318078970537523,2035
"HICC Oahu","SRGENASO",484831,"Solar Photovoltaic",0.338415167014513,2036
"HICC Oahu","SRGENASO",484831,"Solar Photovoltaic",0.358751363491502,2037
"HICC Oahu","SRGENASO",484831,"Solar Photovoltaic",0.379087559968491,2038
"HICC Oahu","SRGENASO",484831,"Solar Photovoltaic",0.39942375644548,2039
"HICC Oahu","SRGENASO",484831,"Solar Photovoltaic",0.419759952922469,2040
"HICC Oahu","SRGENASO",484831,"Solar Photovoltaic",0.440096149399459,2041
"HICC Oahu","SRGENASO",484831,"Solar Photovoltaic",0.460432345876448,2042
"HICC Oahu","SRGENASO",484831,"Solar Photovoltaic",0.480768542353437,2043
"HICC Oahu","SRGENASO",484831,"Solar Photovoltaic",0.501104738830426,2044
"HICC Oahu","SRGENASO",484831,"Solar Photovoltaic",0.521440935307415,2045
"HICC Oahu","SRGENASO",484831,"Solar Photovoltaic",0.521440935307415,2046
"HICC Oahu","SRGENASO",484831,"Solar Photovoltaic",0.521440935307415,2047
"HICC Oahu","SRGENASO",484831,"Solar Photovoltaic",0.521440935307415,2048
"HICC Oahu","SRGENASO",484831,"Solar Photovoltaic",0.521440935307415,2049
"HICC Oahu","SRGENASO",484831,"Solar Photovoltaic",0.521440935307415,2050
"HICC Oahu","SRGENAGT",0,"Geothermal",0,2022
"HICC Oahu","SRGENAGT",0,"Geothermal",0,2023
"HICC Oahu","SRGENAGT",0,"Geothermal",0,2024
"HICC Oahu","SRGENAGT",0,"Geothermal",0,2025
"HICC Oahu","SRGENAGT",0,"Geothermal",0,2026
"HICC Oahu","SRGENAGT",0,"Geothermal",0,2027
"HICC Oahu","SRGENAGT",0,"Geothermal",0,2028
"HICC Oahu","SRGENAGT",0,"Geothermal",0,2029
"HICC Oahu","SRGENAGT",0,"Geothermal",0,2030
"HICC Oahu","SRGENAGT",0,"Geothermal",0,2031
"HICC Oahu","SRGENAGT",0,"Geothermal",0,2032
"HICC Oahu","SRGENAGT",0,"Geothermal",0,2033
"HICC Oahu","SRGENAGT",0,"Geothermal",0,2034
"HICC Oahu","SRGENAGT",0,"Geothermal",0,2035
"HICC Oahu","SRGENAGT",0,"Geothermal",0,2036
"HICC Oahu","SRGENAGT",0,"Geothermal",0,2037
"HICC Oahu","SRGENAGT",0,"Geothermal",0,2038
"HICC Oahu","SRGENAGT",0,"Geothermal",0,2039
"HICC Oahu","SRGENAGT",0,"Geothermal",0,2040
"HICC Oahu","SRGENAGT",0,"Geothermal",0,2041
"HICC Oahu","SRGENAGT",0,"Geothermal",0,2042
"HICC Oahu","SRGENAGT",0,"Geothermal",0,2043
"HICC Oahu","SRGENAGT",0,"Geothermal",0,2044
"HICC Oahu","SRGENAGT",0,"Geothermal",0,2045
"HICC Oahu","SRGENAGT",0,"Geothermal",0,2046
"HICC Oahu","SRGENAGT",0,"Geothermal",0,2047
"HICC Oahu","SRGENAGT",0,"Geothermal",0,2048
"HICC Oahu","SRGENAGT",0,"Geothermal",0,2049
"HICC Oahu","SRGENAGT",0,"Geothermal",0,2050
"HICC Oahu","SRGENAOF",177774.96,"Petroleum",0.0271502401479333,2022
"HICC Oahu","SRGENAOF",177774.96,"Petroleum",0.0271502401479333,2023
"HICC Oahu","SRGENAOF",177774.96,"Petroleum",0.0259161383230272,2024
"HICC Oahu","SRGENAOF",177774.96,"Petroleum",0.0246820364981212,2025
"HICC Oahu","SRGENAOF",177774.96,"Petroleum",0.0234479346732151,2026
"HICC Oahu","SRGENAOF",177774.96,"Petroleum",0.0222138328483091,2027
"HICC Oahu","SRGENAOF",177774.96,"Petroleum",0.020979731023403,2028
"HICC Oahu","SRGENAOF",177774.96,"Petroleum",0.0197456291984969,2029
"HICC Oahu","SRGENAOF",177774.96,"Petroleum",0.0185115273735909,2030
"HICC Oahu","SRGENAOF",177774.96,"Petroleum",0.0172774255486848,2031
"HICC Oahu","SRGENAOF",177774.96,"Petroleum",0.0160433237237788,2032
"HICC Oahu","SRGENAOF",177774.96,"Petroleum",0.0148092218988727,2033
"HICC Oahu","SRGENAOF",177774.96,"Petroleum",0.0135751200739666,2034
"HICC Oahu","SRGENAOF",177774.96,"Petroleum",0.0123410182490606,2035
"HICC Oahu","SRGENAOF",177774.96,"Petroleum",0.0111069164241545,2036
"HICC Oahu","SRGENAOF",177774.96,"Petroleum",0.00987281459924847,2037
"HICC Oahu","SRGENAOF",177774.96,"Petroleum",0.00863871277434241,2038
"HICC Oahu","SRGENAOF",177774.96,"Petroleum",0.00740461094943635,2039
"HICC Oahu","SRGENAOF",177774.96,"Petroleum",0.00617050912453029,2040
"HICC Oahu","SRGENAOF",177774.96,"Petroleum",0.00493640729962423,2041
"HICC Oahu","SRGENAOF",177774.96,"Petroleum",0.00370230547471818,2042
"HICC Oahu","SRGENAOF",177774.96,"Petroleum",0.00246820364981212,2043
"HICC Oahu","SRGENAOF",177774.96,"Petroleum",0.00123410182490606,2044
"HICC Oahu","SRGENAOF",177774.96,"Petroleum",0,2045
"HICC Oahu","SRGENAOF",177774.96,"Petroleum",0,2046
"HICC Oahu","SRGENAOF",177774.96,"Petroleum",0,2047
"HICC Oahu","SRGENAOF",177774.96,"Petroleum",0,2048
"HICC Oahu","SRGENAOF",177774.96,"Petroleum",0,2049
"HICC Oahu","SRGENAOF",177774.96,"Petroleum",0,2050
"ASCC Alaska Grid","SRGENACL",730681.46,"Coal",0.143258324518779,2022
"ASCC Alaska Grid","SRGENACL",730681.46,"Coal",0.143258324518779,2023
"ASCC Alaska Grid","SRGENACL",730681.46,"Coal",0.143258324518779,2024
"ASCC Alaska Grid","SRGENACL",730681.46,"Coal",0.143258324518779,2025
"ASCC Alaska Grid","SRGENACL",730681.46,"Coal",0.143258324518779,2026
"ASCC Alaska Grid","SRGENACL",730681.46,"Coal",0.143258324518779,2027
"ASCC Alaska Grid","SRGENACL",730681.46,"Coal",0.143258324518779,2028
"ASCC Alaska Grid","SRGENACL",730681.46,"Coal",0.143258324518779,2029
"ASCC Alaska Grid","SRGENACL",730681.46,"Coal",0.143258324518779,2030
"ASCC Alaska Grid","SRGENACL",730681.46,"Coal",0.143258324518779,2031
"ASCC Alaska Grid","SRGENACL",730681.46,"Coal",0.143258324518779,2032
"ASCC Alaska Grid","SRGENACL",730681.46,"Coal",0.143258324518779,2033
"ASCC Alaska Grid","SRGENACL",730681.46,"Coal",0.143258324518779,2034
"ASCC Alaska Grid","SRGENACL",730681.46,"Coal",0.143258324518779,2035
"ASCC Alaska Grid","SRGENACL",730681.46,"Coal",0.143258324518779,2036
"ASCC Alaska Grid","SRGENACL",730681.46,"Coal",0.143258324518779,2037
"ASCC Alaska Grid","SRGENACL",730681.46,"Coal",0.143258324518779,2038
"ASCC Alaska Grid","SRGENACL",730681.46,"Coal",0.143258324518779,2039
"ASCC Alaska Grid","SRGENACL",730681.46,"Coal",0.143258324518779,2040
"ASCC Alaska Grid","SRGENACL",730681.46,"Coal",0.143258324518779,2041
"ASCC Alaska Grid","SRGENACL",730681.46,"Coal",0.143258324518779,2042
"ASCC Alaska Grid","SRGENACL",730681.46,"Coal",0.143258324518779,2043
"ASCC Alaska Grid","SRGENACL",730681.46,"Coal",0.143258324518779,2044
"ASCC Alaska Grid","SRGENACL",730681.46,"Coal",0.143258324518779,2045
"ASCC Alaska Grid","SRGENACL",730681.46,"Coal",0.143258324518779,2046
"ASCC Alaska Grid","SRGENACL",730681.46,"Coal",0.143258324518779,2047
"ASCC Alaska Grid","SRGENACL",730681.46,"Coal",0.143258324518779,2048
"ASCC Alaska Grid","SRGENACL",730681.46,"Coal",0.143258324518779,2049
"ASCC Alaska Grid","SRGENACL",730681.46,"Coal",0.143258324518779,2050
"ASCC Alaska Grid","SRGENAOL",459495.574,"Petroleum",0.0900892791984,2022
"ASCC Alaska Grid","SRGENAOL",459495.574,"Petroleum",0.0900892791984,2023
"ASCC Alaska Grid","SRGENAOL",459495.574,"Petroleum",0.0900892791984,2024
"ASCC Alaska Grid","SRGENAOL",459495.574,"Petroleum",0.0900892791984,2025
"ASCC Alaska Grid","SRGENAOL",459495.574,"Petroleum",0.0900892791984,2026
"ASCC Alaska Grid","SRGENAOL",459495.574,"Petroleum",0.0900892791984,2027
"ASCC Alaska Grid","SRGENAOL",459495.574,"Petroleum",0.0900892791984,2028
"ASCC Alaska Grid","SRGENAOL",459495.574,"Petroleum",0.0900892791984,2029
"ASCC Alaska Grid","SRGENAOL",459495.574,"Petroleum",0.0900892791984,2030
"ASCC Alaska Grid","SRGENAOL",459495.574,"Petroleum",0.0900892791984,2031
"ASCC Alaska Grid","SRGENAOL",459495.574,"Petroleum",0.0900892791984,2032
"ASCC Alaska Grid","SRGENAOL",459495.574,"Petroleum",0.0900892791984,2033
"ASCC Alaska Grid","SRGENAOL",459495.574,"Petroleum",0.0900892791984,2034
"ASCC Alaska Grid","SRGENAOL",459495.574,"Petroleum",0.0900892791984,2035
"ASCC Alaska Grid","SRGENAOL",459495.574,"Petroleum",0.0900892791984,2036
"ASCC Alaska Grid","SRGENAOL",459495.574,"Petroleum",0.0900892791984,2037
"ASCC Alaska Grid","SRGENAOL",459495.574,"Petroleum",0.0900892791984,2038
"ASCC Alaska Grid","SRGENAOL",459495.574,"Petroleum",0.0900892791984,2039
"ASCC Alaska Grid","SRGENAOL",459495.574,"Petroleum",0.0900892791984,2040
"ASCC Alaska Grid","SRGENAOL",459495.574,"Petroleum",0.0900892791984,2041
"ASCC Alaska Grid","SRGENAOL",459495.574,"Petroleum",0.0900892791984,2042
"ASCC Alaska Grid","SRGENAOL",459495.574,"Petroleum",0.0900892791984,2043
"ASCC Alaska Grid","SRGENAOL",459495.574,"Petroleum",0.0900892791984,2044
"ASCC Alaska Grid","SRGENAOL",459495.574,"Petroleum",0.0900892791984,2045
"ASCC Alaska Grid","SRGENAOL",459495.574,"Petroleum",0.0900892791984,2046
"ASCC Alaska Grid","SRGENAOL",459495.574,"Petroleum",0.0900892791984,2047
"ASCC Alaska Grid","SRGENAOL",459495.574,"Petroleum",0.0900892791984,2048
"ASCC Alaska Grid","SRGENAOL",459495.574,"Petroleum",0.0900892791984,2049
"ASCC Alaska Grid","SRGENAOL",459495.574,"Petroleum",0.0900892791984,2050
"ASCC Alaska Grid","SRGENAHY",709849,"Hydropower",0.139173886253157,2022
"ASCC Alaska Grid","SRGENAHY",709849,"Hydropower",0.139173886253157,2023
"ASCC Alaska Grid","SRGENAHY",709849,"Hydropower",0.139173886253157,2024
"ASCC Alaska Grid","SRGENAHY",709849,"Hydropower",0.139173886253157,2025
"ASCC Alaska Grid","SRGENAHY",709849,"Hydropower",0.139173886253157,2026
"ASCC Alaska Grid","SRGENAHY",709849,"Hydropower",0.139173886253157,2027
"ASCC Alaska Grid","SRGENAHY",709849,"Hydropower",0.139173886253157,2028
"ASCC Alaska Grid","SRGENAHY",709849,"Hydropower",0.139173886253157,2029
"ASCC Alaska Grid","SRGENAHY",709849,"Hydropower",0.139173886253157,2030
"ASCC Alaska Grid","SRGENAHY",709849,"Hydropower",0.139173886253157,2031
"ASCC Alaska Grid","SRGENAHY",709849,"Hydropower",0.139173886253157,2032
"ASCC Alaska Grid","SRGENAHY",709849,"Hydropower",0.139173886253157,2033
"ASCC Alaska Grid","SRGENAHY",709849,"Hydropower",0.139173886253157,2034
"ASCC Alaska Grid","SRGENAHY",709849,"Hydropower",0.139173886253157,2035
"ASCC Alaska Grid","SRGENAHY",709849,"Hydropower",0.139173886253157,2036
"ASCC Alaska Grid","SRGENAHY",709849,"Hydropower",0.139173886253157,2037
"ASCC Alaska Grid","SRGENAHY",709849,"Hydropower",0.139173886253157,2038
"ASCC Alaska Grid","SRGENAHY",709849,"Hydropower",0.139173886253157,2039
"ASCC Alaska Grid","SRGENAHY",709849,"Hydropower",0.139173886253157,2040
"ASCC Alaska Grid","SRGENAHY",709849,"Hydropower",0.139173886253157,2041
"ASCC Alaska Grid","SRGENAHY",709849,"Hydropower",0.139173886253157,2042
"ASCC Alaska Grid","SRGENAHY",709849,"Hydropower",0.139173886253157,2043
"ASCC Alaska Grid","SRGENAHY",709849,"Hydropower",0.139173886253157,2044
"ASCC Alaska Grid","SRGENAHY",709849,"Hydropower",0.139173886253157,2045
"ASCC Alaska Grid","SRGENAHY",709849,"Hydropower",0.139173886253157,2046
"ASCC Alaska Grid","SRGENAHY",709849,"Hydropower",0.139173886253157,2047
"ASCC Alaska Grid","SRGENAHY",709849,"Hydropower",0.139173886253157,2048
"ASCC Alaska Grid","SRGENAHY",709849,"Hydropower",0.139173886253157,2049
"ASCC Alaska Grid","SRGENAHY",709849,"Hydropower",0.139173886253157,2050
"ASCC Alaska Grid","SRGENABM",38918.272,"Wood and Other Biomass",0.00763036527556906,2022
"ASCC Alaska Grid","SRGENABM",38918.272,"Wood and Other Biomass",0.00763036527556906,2023
"ASCC Alaska Grid","SRGENABM",38918.272,"Wood and Other Biomass",0.00763036527556906,2024
"ASCC Alaska Grid","SRGENABM",38918.272,"Wood and Other Biomass",0.00763036527556906,2025
"ASCC Alaska Grid","SRGENABM",38918.272,"Wood and Other Biomass",0.00763036527556906,2026
"ASCC Alaska Grid","SRGENABM",38918.272,"Wood and Other Biomass",0.00763036527556906,2027
"ASCC Alaska Grid","SRGENABM",38918.272,"Wood and Other Biomass",0.00763036527556906,2028
"ASCC Alaska Grid","SRGENABM",38918.272,"Wood and Other Biomass",0.00763036527556906,2029
"ASCC Alaska Grid","SRGENABM",38918.272,"Wood and Other Biomass",0.00763036527556906,2030
"ASCC Alaska Grid","SRGENABM",38918.272,"Wood and Other Biomass",0.00763036527556906,2031
"ASCC Alaska Grid","SRGENABM",38918.272,"Wood and Other Biomass",0.00763036527556906,2032
"ASCC Alaska Grid","SRGENABM",38918.272,"Wood and Other Biomass",0.00763036527556906,2033
"ASCC Alaska Grid","SRGENABM",38918.272,"Wood and Other Biomass",0.00763036527556906,2034
"ASCC Alaska Grid","SRGENABM",38918.272,"Wood and Other Biomass",0.00763036527556906,2035
"ASCC Alaska Grid","SRGENABM",38918.272,"Wood and Other Biomass",0.00763036527556906,2036
"ASCC Alaska Grid","SRGENABM",38918.272,"Wood and Other Biomass",0.00763036527556906,2037
"ASCC Alaska Grid","SRGENABM",38918.272,"Wood and Other Biomass",0.00763036527556906,2038
"ASCC Alaska Grid","SRGENABM",38918.272,"Wood and Other Biomass",0.00763036527556906,2039
"ASCC Alaska Grid","SRGENABM",38918.272,"Wood and Other Biomass",0.00763036527556906,2040
"ASCC Alaska Grid","SRGENABM",38918.272,"Wood and Other Biomass",0.00763036527556906,2041
"ASCC Alaska Grid","SRGENABM",38918.272,"Wood and Other Biomass",0.00763036527556906,2042
"ASCC Alaska Grid","SRGENABM",38918.272,"Wood and Other Biomass",0.00763036527556906,2043
"ASCC Alaska Grid","SRGENABM",38918.272,"Wood and Other Biomass",0.00763036527556906,2044
"ASCC Alaska Grid","SRGENABM",38918.272,"Wood and Other Biomass",0.00763036527556906,2045
"ASCC Alaska Grid","SRGENABM",38918.272,"Wood and Other Biomass",0.00763036527556906,2046
"ASCC Alaska Grid","SRGENABM",38918.272,"Wood and Other Biomass",0.00763036527556906,2047
"ASCC Alaska Grid","SRGENABM",38918.272,"Wood and Other Biomass",0.00763036527556906,2048
"ASCC Alaska Grid","SRGENABM",38918.272,"Wood and Other Biomass",0.00763036527556906,2049
"ASCC Alaska Grid","SRGENABM",38918.272,"Wood and Other Biomass",0.00763036527556906,2050
"ASCC Alaska Grid","SRGENAWI",81390,"Wind",0.0159574255963514,2022
"ASCC Alaska Grid","SRGENAWI",81390,"Wind",0.0159574255963514,2023
"ASCC Alaska Grid","SRGENAWI",81390,"Wind",0.0159574255963514,2024
"ASCC Alaska Grid","SRGENAWI",81390,"Wind",0.0159574255963514,2025
"ASCC Alaska Grid","SRGENAWI",81390,"Wind",0.0159574255963514,2026
"ASCC Alaska Grid","SRGENAWI",81390,"Wind",0.0159574255963514,2027
"ASCC Alaska Grid","SRGENAWI",81390,"Wind",0.0159574255963514,2028
"ASCC Alaska Grid","SRGENAWI",81390,"Wind",0.0159574255963514,2029
"ASCC Alaska Grid","SRGENAWI",81390,"Wind",0.0159574255963514,2030
"ASCC Alaska Grid","SRGENAWI",81390,"Wind",0.0159574255963514,2031
"ASCC Alaska Grid","SRGENAWI",81390,"Wind",0.0159574255963514,2032
"ASCC Alaska Grid","SRGENAWI",81390,"Wind",0.0159574255963514,2033
"ASCC Alaska Grid","SRGENAWI",81390,"Wind",0.0159574255963514,2034
"ASCC Alaska Grid","SRGENAWI",81390,"Wind",0.0159574255963514,2035
"ASCC Alaska Grid","SRGENAWI",81390,"Wind",0.0159574255963514,2036
"ASCC Alaska Grid","SRGENAWI",81390,"Wind",0.0159574255963514,2037
"ASCC Alaska Grid","SRGENAWI",81390,"Wind",0.0159574255963514,2038
"ASCC Alaska Grid","SRGENAWI",81390,"Wind",0.0159574255963514,2039
"ASCC Alaska Grid","SRGENAWI",81390,"Wind",0.0159574255963514,2040
"ASCC Alaska Grid","SRGENAWI",81390,"Wind",0.0159574255963514,2041
"ASCC Alaska Grid","SRGENAWI",81390,"Wind",0.0159574255963514,2042
"ASCC Alaska Grid","SRGENAWI",81390,"Wind",0.0159574255963514,2043
"ASCC Alaska Grid","SRGENAWI",81390,"Wind",0.0159574255963514,2044
"ASCC Alaska Grid","SRGENAWI",81390,"Wind",0.0159574255963514,2045
"ASCC Alaska Grid","SRGENAWI",81390,"Wind",0.0159574255963514,2046
"ASCC Alaska Grid","SRGENAWI",81390,"Wind",0.0159574255963514,2047
"ASCC Alaska Grid","SRGENAWI",81390,"Wind",0.0159574255963514,2048
"ASCC Alaska Grid","SRGENAWI",81390,"Wind",0.0159574255963514,2049
"ASCC Alaska Grid","SRGENAWI",81390,"Wind",0.0159574255963514,2050
"ASCC Alaska Grid","SRGENASO",46,"Solar Photovoltaic",9.01881775933363e-06,2022
"ASCC Alaska Grid","SRGENASO",46,"Solar Photovoltaic",9.01881775933363e-06,2023
"ASCC Alaska Grid","SRGENASO",46,"Solar Photovoltaic",9.01881775933363e-06,2024
"ASCC Alaska Grid","SRGENASO",46,"Solar Photovoltaic",9.01881775933363e-06,2025
"ASCC Alaska Grid","SRGENASO",46,"Solar Photovoltaic",9.01881775933363e-06,2026
"ASCC Alaska Grid","SRGENASO",46,"Solar Photovoltaic",9.01881775933363e-06,2027
"ASCC Alaska Grid","SRGENASO",46,"Solar Photovoltaic",9.01881775933363e-06,2028
"ASCC Alaska Grid","SRGENASO",46,"Solar Photovoltaic",9.01881775933363e-06,2029
"ASCC Alaska Grid","SRGENASO",46,"Solar Photovoltaic",9.01881775933363e-06,2030
"ASCC Alaska Grid","SRGENASO",46,"Solar Photovoltaic",9.01881775933363e-06,2031
"ASCC Alaska Grid","SRGENASO",46,"Solar Photovoltaic",9.01881775933363e-06,2032
"ASCC Alaska Grid","SRGENASO",46,"Solar Photovoltaic",9.01881775933363e-06,2033
"ASCC Alaska Grid","SRGENASO",46,"Solar Photovoltaic",9.01881775933363e-06,2034
"ASCC Alaska Grid","SRGENASO",46,"Solar Photovoltaic",9.01881775933363e-06,2035
"ASCC Alaska Grid","SRGENASO",46,"Solar Photovoltaic",9.01881775933363e-06,2036
"ASCC Alaska Grid","SRGENASO",46,"Solar Photovoltaic",9.01881775933363e-06,2037
"ASCC Alaska Grid","SRGENASO",46,"Solar Photovoltaic",9.01881775933363e-06,2038
"ASCC Alaska Grid","SRGENASO",46,"Solar Photovoltaic",9.01881775933363e-06,2039
"ASCC Alaska Grid","SRGENASO",46,"Solar Photovoltaic",9.01881775933363e-06,2040
"ASCC Alaska Grid","SRGENASO",46,"Solar Photovoltaic",9.01881775933363e-06,2041
"ASCC Alaska Grid","SRGENASO",46,"Solar Photovoltaic",9.01881775933363e-06,2042
"ASCC Alaska Grid","SRGENASO",46,"Solar Photovoltaic",9.01881775933363e-06,2043
"ASCC Alaska Grid","SRGENASO",46,"Solar Photovoltaic",9.01881775933363e-06,2044
"ASCC Alaska Grid","SRGENASO",46,"Solar Photovoltaic",9.01881775933363e-06,2045
"ASCC Alaska Grid","SRGENASO",46,"Solar Photovoltaic",9.01881775933363e-06,2046
"ASCC Alaska Grid","SRGENASO",46,"Solar Photovoltaic",9.01881775933363e-06,2047
"ASCC Alaska Grid","SRGENASO",46,"Solar Photovoltaic",9.01881775933363e-06,2048
"ASCC Alaska Grid","SRGENASO",46,"Solar Photovoltaic",9.01881775933363e-06,2049
"ASCC Alaska Grid","SRGENASO",46,"Solar Photovoltaic",9.01881775933363e-06,2050
"ASCC Miscellaneous","SRGENAOL",391245.751,"Petroleum",0.246812321014965,2022
"ASCC Miscellaneous","SRGENAOL",391245.751,"Petroleum",0.246812321014965,2023
"ASCC Miscellaneous","SRGENAOL",391245.751,"Petroleum",0.246812321014965,2024
"ASCC Miscellaneous","SRGENAOL",391245.751,"Petroleum",0.246812321014965,2025
"ASCC Miscellaneous","SRGENAOL",391245.751,"Petroleum",0.246812321014965,2026
"ASCC Miscellaneous","SRGENAOL",391245.751,"Petroleum",0.246812321014965,2027
"ASCC Miscellaneous","SRGENAOL",391245.751,"Petroleum",0.246812321014965,2028
"ASCC Miscellaneous","SRGENAOL",391245.751,"Petroleum",0.246812321014965,2029
"ASCC Miscellaneous","SRGENAOL",391245.751,"Petroleum",0.246812321014965,2030
"ASCC Miscellaneous","SRGENAOL",391245.751,"Petroleum",0.246812321014965,2031
"ASCC Miscellaneous","SRGENAOL",391245.751,"Petroleum",0.246812321014965,2032
"ASCC Miscellaneous","SRGENAOL",391245.751,"Petroleum",0.246812321014965,2033
"ASCC Miscellaneous","SRGENAOL",391245.751,"Petroleum",0.246812321014965,2034
"ASCC Miscellaneous","SRGENAOL",391245.751,"Petroleum",0.246812321014965,2035
"ASCC Miscellaneous","SRGENAOL",391245.751,"Petroleum",0.246812321014965,2036
"ASCC Miscellaneous","SRGENAOL",391245.751,"Petroleum",0.246812321014965,2037
"ASCC Miscellaneous","SRGENAOL",391245.751,"Petroleum",0.246812321014965,2038
"ASCC Miscellaneous","SRGENAOL",391245.751,"Petroleum",0.246812321014965,2039
"ASCC Miscellaneous","SRGENAOL",391245.751,"Petroleum",0.246812321014965,2040
"ASCC Miscellaneous","SRGENAOL",391245.751,"Petroleum",0.246812321014965,2041
"ASCC Miscellaneous","SRGENAOL",391245.751,"Petroleum",0.246812321014965,2042
"ASCC Miscellaneous","SRGENAOL",391245.751,"Petroleum",0.246812321014965,2043
"ASCC Miscellaneous","SRGENAOL",391245.751,"Petroleum",0.246812321014965,2044
"ASCC Miscellaneous","SRGENAOL",391245.751,"Petroleum",0.246812321014965,2045
"ASCC Miscellaneous","SRGENAOL",391245.751,"Petroleum",0.246812321014965,2046
"ASCC Miscellaneous","SRGENAOL",391245.751,"Petroleum",0.246812321014965,2047
"ASCC Miscellaneous","SRGENAOL",391245.751,"Petroleum",0.246812321014965,2048
"ASCC Miscellaneous","SRGENAOL",391245.751,"Petroleum",0.246812321014965,2049
"ASCC Miscellaneous","SRGENAOL",391245.751,"Petroleum",0.246812321014965,2050
"ASCC Miscellaneous","SRGENAHY",1063542,"Hydropower",0.670921713132926,2022
"ASCC Miscellaneous","SRGENAHY",1063542,"Hydropower",0.670921713132926,2023
"ASCC Miscellaneous","SRGENAHY",1063542,"Hydropower",0.670921713132926,2024
"ASCC Miscellaneous","SRGENAHY",1063542,"Hydropower",0.670921713132926,2025
"ASCC Miscellaneous","SRGENAHY",1063542,"Hydropower",0.670921713132926,2026
"ASCC Miscellaneous","SRGENAHY",1063542,"Hydropower",0.670921713132926,2027
"ASCC Miscellaneous","SRGENAHY",1063542,"Hydropower",0.670921713132926,2028
"ASCC Miscellaneous","SRGENAHY",1063542,"Hydropower",0.670921713132926,2029
"ASCC Miscellaneous","SRGENAHY",1063542,"Hydropower",0.670921713132926,2030
"ASCC Miscellaneous","SRGENAHY",1063542,"Hydropower",0.670921713132926,2031
"ASCC Miscellaneous","SRGENAHY",1063542,"Hydropower",0.670921713132926,2032
"ASCC Miscellaneous","SRGENAHY",1063542,"Hydropower",0.670921713132926,2033
"ASCC Miscellaneous","SRGENAHY",1063542,"Hydropower",0.670921713132926,2034
"ASCC Miscellaneous","SRGENAHY",1063542,"Hydropower",0.670921713132926,2035
"ASCC Miscellaneous","SRGENAHY",1063542,"Hydropower",0.670921713132926,2036
"ASCC Miscellaneous","SRGENAHY",1063542,"Hydropower",0.670921713132926,2037
"ASCC Miscellaneous","SRGENAHY",1063542,"Hydropower",0.670921713132926,2038
"ASCC Miscellaneous","SRGENAHY",1063542,"Hydropower",0.670921713132926,2039
"ASCC Miscellaneous","SRGENAHY",1063542,"Hydropower",0.670921713132926,2040
"ASCC Miscellaneous","SRGENAHY",1063542,"Hydropower",0.670921713132926,2041
"ASCC Miscellaneous","SRGENAHY",1063542,"Hydropower",0.670921713132926,2042
"ASCC Miscellaneous","SRGENAHY",1063542,"Hydropower",0.670921713132926,2043
"ASCC Miscellaneous","SRGENAHY",1063542,"Hydropower",0.670921713132926,2044
"ASCC Miscellaneous","SRGENAHY",1063542,"Hydropower",0.670921713132926,2045
"ASCC Miscellaneous","SRGENAHY",1063542,"Hydropower",0.670921713132926,2046
"ASCC Miscellaneous","SRGENAHY",1063542,"Hydropower",0.670921713132926,2047
"ASCC Miscellaneous","SRGENAHY",1063542,"Hydropower",0.670921713132926,2048
"ASCC Miscellaneous","SRGENAHY",1063542,"Hydropower",0.670921713132926,2049
"ASCC Miscellaneous","SRGENAHY",1063542,"Hydropower",0.670921713132926,2050
"ASCC Miscellaneous","SRGENAWI",27742,"Wind",0.017500681840241,2022
"ASCC Miscellaneous","SRGENAWI",27742,"Wind",0.017500681840241,2023
"ASCC Miscellaneous","SRGENAWI",27742,"Wind",0.017500681840241,2024
"ASCC Miscellaneous","SRGENAWI",27742,"Wind",0.017500681840241,2025
"ASCC Miscellaneous","SRGENAWI",27742,"Wind",0.017500681840241,2026
"ASCC Miscellaneous","SRGENAWI",27742,"Wind",0.017500681840241,2027
"ASCC Miscellaneous","SRGENAWI",27742,"Wind",0.017500681840241,2028
"ASCC Miscellaneous","SRGENAWI",27742,"Wind",0.017500681840241,2029
"ASCC Miscellaneous","SRGENAWI",27742,"Wind",0.017500681840241,2030
"ASCC Miscellaneous","SRGENAWI",27742,"Wind",0.017500681840241,2031
"ASCC Miscellaneous","SRGENAWI",27742,"Wind",0.017500681840241,2032
"ASCC Miscellaneous","SRGENAWI",27742,"Wind",0.017500681840241,2033
"ASCC Miscellaneous","SRGENAWI",27742,"Wind",0.017500681840241,2034
"ASCC Miscellaneous","SRGENAWI",27742,"Wind",0.017500681840241,2035
"ASCC Miscellaneous","SRGENAWI",27742,"Wind",0.017500681840241,2036
"ASCC Miscellaneous","SRGENAWI",27742,"Wind",0.017500681840241,2037
"ASCC Miscellaneous","SRGENAWI",27742,"Wind",0.017500681840241,2038
"ASCC Miscellaneous","SRGENAWI",27742,"Wind",0.017500681840241,2039
"ASCC Miscellaneous","SRGENAWI",27742,"Wind",0.017500681840241,2040
"ASCC Miscellaneous","SRGENAWI",27742,"Wind",0.017500681840241,2041
"ASCC Miscellaneous","SRGENAWI",27742,"Wind",0.017500681840241,2042
"ASCC Miscellaneous","SRGENAWI",27742,"Wind",0.017500681840241,2043
"ASCC Miscellaneous","SRGENAWI",27742,"Wind",0.017500681840241,2044
"ASCC Miscellaneous","SRGENAWI",27742,"Wind",0.017500681840241,2045
"ASCC Miscellaneous","SRGENAWI",27742,"Wind",0.017500681840241,2046
"ASCC Miscellaneous","SRGENAWI",27742,"Wind",0.017500681840241,2047
"ASCC Miscellaneous","SRGENAWI",27742,"Wind",0.017500681840241,2048
"ASCC Miscellaneous","SRGENAWI",27742,"Wind",0.017500681840241,2049
"ASCC Miscellaneous","SRGENAWI",27742,"Wind",0.017500681840241,2050
"ASCC Alaska Grid","SRGENAGS",281200.60812116,"Natural Gas Combined Cycle",0.055132544314316,2022
"ASCC Alaska Grid","SRGENAGS",281200.60812116,"Natural Gas Combined Cycle",0.055132544314316,2023
"ASCC Alaska Grid","SRGENAGS",281200.60812116,"Natural Gas Combined Cycle",0.055132544314316,2024
"ASCC Alaska Grid","SRGENAGS",281200.60812116,"Natural Gas Combined Cycle",0.055132544314316,2025
"ASCC Alaska Grid","SRGENAGS",281200.60812116,"Natural Gas Combined Cycle",0.055132544314316,2026
"ASCC Alaska Grid","SRGENAGS",281200.60812116,"Natural Gas Combined Cycle",0.055132544314316,2027
"ASCC Alaska Grid","SRGENAGS",281200.60812116,"Natural Gas Combined Cycle",0.055132544314316,2028
"ASCC Alaska Grid","SRGENAGS",281200.60812116,"Natural Gas Combined Cycle",0.055132544314316,2029
"ASCC Alaska Grid","SRGENAGS",281200.60812116,"Natural Gas Combined Cycle",0.055132544314316,2030
"ASCC Alaska Grid","SRGENAGS",281200.60812116,"Natural Gas Combined Cycle",0.055132544314316,2031
"ASCC Alaska Grid","SRGENAGS",281200.60812116,"Natural Gas Combined Cycle",0.055132544314316,2032
"ASCC Alaska Grid","SRGENAGS",281200.60812116,"Natural Gas Combined Cycle",0.055132544314316,2033
"ASCC Alaska Grid","SRGENAGS",281200.60812116,"Natural Gas Combined Cycle",0.055132544314316,2034
"ASCC Alaska Grid","SRGENAGS",281200.60812116,"Natural Gas Combined Cycle",0.055132544314316,2035
"ASCC Alaska Grid","SRGENAGS",281200.60812116,"Natural Gas Combined Cycle",0.055132544314316,2036
"ASCC Alaska Grid","SRGENAGS",281200.60812116,"Natural Gas Combined Cycle",0.055132544314316,2037
"ASCC Alaska Grid","SRGENAGS",281200.60812116,"Natural Gas Combined Cycle",0.055132544314316,2038
"ASCC Alaska Grid","SRGENAGS",281200.60812116,"Natural Gas Combined Cycle",0.055132544314316,2039
"ASCC Alaska Grid","SRGENAGS",281200.60812116,"Natural Gas Combined Cycle",0.055132544314316,2040
"ASCC Alaska Grid","SRGENAGS",281200.60812116,"Natural Gas Combined Cycle",0.055132544314316,2041
"ASCC Alaska Grid","SRGENAGS",281200.60812116,"Natural Gas Combined Cycle",0.055132544314316,2042
"ASCC Alaska Grid","SRGENAGS",281200.60812116,"Natural Gas Combined Cycle",0.055132544314316,2043
"ASCC Alaska Grid","SRGENAGS",281200.60812116,"Natural Gas Combined Cycle",0.055132544314316,2044
"ASCC Alaska Grid","SRGENAGS",281200.60812116,"Natural Gas Combined Cycle",0.055132544314316,2045
"ASCC Alaska Grid","SRGENAGS",281200.60812116,"Natural Gas Combined Cycle",0.055132544314316,2046
"ASCC Alaska Grid","SRGENAGS",281200.60812116,"Natural Gas Combined Cycle",0.055132544314316,2047
"ASCC Alaska Grid","SRGENAGS",281200.60812116,"Natural Gas Combined Cycle",0.055132544314316,2048
"ASCC Alaska Grid","SRGENAGS",281200.60812116,"Natural Gas Combined Cycle",0.055132544314316,2049
"ASCC Alaska Grid","SRGENAGS",281200.60812116,"Natural Gas Combined Cycle",0.055132544314316,2050
"ASCC Alaska Grid","SRGENAGS",2798865.86587884,"Natural Gas Conventional",0.548749156025669,2022
"ASCC Alaska Grid","SRGENAGS",2798865.86587884,"Natural Gas Conventional",0.548749156025669,2023
"ASCC Alaska Grid","SRGENAGS",2798865.86587884,"Natural Gas Conventional",0.548749156025669,2024
"ASCC Alaska Grid","SRGENAGS",2798865.86587884,"Natural Gas Conventional",0.548749156025669,2025
"ASCC Alaska Grid","SRGENAGS",2798865.86587884,"Natural Gas Conventional",0.548749156025669,2026
"ASCC Alaska Grid","SRGENAGS",2798865.86587884,"Natural Gas Conventional",0.548749156025669,2027
"ASCC Alaska Grid","SRGENAGS",2798865.86587884,"Natural Gas Conventional",0.548749156025669,2028
"ASCC Alaska Grid","SRGENAGS",2798865.86587884,"Natural Gas Conventional",0.548749156025669,2029
"ASCC Alaska Grid","SRGENAGS",2798865.86587884,"Natural Gas Conventional",0.548749156025669,2030
"ASCC Alaska Grid","SRGENAGS",2798865.86587884,"Natural Gas Conventional",0.548749156025669,2031
"ASCC Alaska Grid","SRGENAGS",2798865.86587884,"Natural Gas Conventional",0.548749156025669,2032
"ASCC Alaska Grid","SRGENAGS",2798865.86587884,"Natural Gas Conventional",0.548749156025669,2033
"ASCC Alaska Grid","SRGENAGS",2798865.86587884,"Natural Gas Conventional",0.548749156025669,2034
"ASCC Alaska Grid","SRGENAGS",2798865.86587884,"Natural Gas Conventional",0.548749156025669,2035
"ASCC Alaska Grid","SRGENAGS",2798865.86587884,"Natural Gas Conventional",0.548749156025669,2036
"ASCC Alaska Grid","SRGENAGS",2798865.86587884,"Natural Gas Conventional",0.548749156025669,2037
"ASCC Alaska Grid","SRGENAGS",2798865.86587884,"Natural Gas Conventional",0.548749156025669,2038
"ASCC Alaska Grid","SRGENAGS",2798865.86587884,"Natural Gas Conventional",0.548749156025669,2039
"ASCC Alaska Grid","SRGENAGS",2798865.86587884,"Natural Gas Conventional",0.548749156025669,2040
"ASCC Alaska Grid","SRGENAGS",2798865.86587884,"Natural Gas Conventional",0.548749156025669,2041
"ASCC Alaska Grid","SRGENAGS",2798865.86587884,"Natural Gas Conventional",0.548749156025669,2042
"ASCC Alaska Grid","SRGENAGS",2798865.86587884,"Natural Gas Conventional",0.548749156025669,2043
"ASCC Alaska Grid","SRGENAGS",2798865.86587884,"Natural Gas Conventional",0.548749156025669,2044
"ASCC Alaska Grid","SRGENAGS",2798865.86587884,"Natural Gas Conventional",0.548749156025669,2045
"ASCC Alaska Grid","SRGENAGS",2798865.86587884,"Natural Gas Conventional",0.548749156025669,2046
"ASCC Alaska Grid","SRGENAGS",2798865.86587884,"Natural Gas Conventional",0.548749156025669,2047
"ASCC Alaska Grid","SRGENAGS",2798865.86587884,"Natural Gas Conventional",0.548749156025669,2048
"ASCC Alaska Grid","SRGENAGS",2798865.86587884,"Natural Gas Conventional",0.548749156025669,2049
"ASCC Alaska Grid","SRGENAGS",2798865.86587884,"Natural Gas Conventional",0.548749156025669,2050
"ASCC Miscellaneous","SRGENAGS",9373.0565725256,"Natural Gas Combined Cycle",0.00591287149255103,2022
"ASCC Miscellaneous","SRGENAGS",9373.0565725256,"Natural Gas Combined Cycle",0.00591287149255103,2023
"ASCC Miscellaneous","SRGENAGS",9373.0565725256,"Natural Gas Combined Cycle",0.00591287149255103,2024
"ASCC Miscellaneous","SRGENAGS",9373.0565725256,"Natural Gas Combined Cycle",0.00591287149255103,2025
"ASCC Miscellaneous","SRGENAGS",9373.0565725256,"Natural Gas Combined Cycle",0.00591287149255103,2026
"ASCC Miscellaneous","SRGENAGS",9373.0565725256,"Natural Gas Combined Cycle",0.00591287149255103,2027
"ASCC Miscellaneous","SRGENAGS",9373.0565725256,"Natural Gas Combined Cycle",0.00591287149255103,2028
"ASCC Miscellaneous","SRGENAGS",9373.0565725256,"Natural Gas Combined Cycle",0.00591287149255103,2029
"ASCC Miscellaneous","SRGENAGS",9373.0565725256,"Natural Gas Combined Cycle",0.00591287149255103,2030
"ASCC Miscellaneous","SRGENAGS",9373.0565725256,"Natural Gas Combined Cycle",0.00591287149255103,2031
"ASCC Miscellaneous","SRGENAGS",9373.0565725256,"Natural Gas Combined Cycle",0.00591287149255103,2032
"ASCC Miscellaneous","SRGENAGS",9373.0565725256,"Natural Gas Combined Cycle",0.00591287149255103,2033
"ASCC Miscellaneous","SRGENAGS",9373.0565725256,"Natural Gas Combined Cycle",0.00591287149255103,2034
"ASCC Miscellaneous","SRGENAGS",9373.0565725256,"Natural Gas Combined Cycle",0.00591287149255103,2035
"ASCC Miscellaneous","SRGENAGS",9373.0565725256,"Natural Gas Combined Cycle",0.00591287149255103,2036
"ASCC Miscellaneous","SRGENAGS",9373.0565725256,"Natural Gas Combined Cycle",0.00591287149255103,2037
"ASCC Miscellaneous","SRGENAGS",9373.0565725256,"Natural Gas Combined Cycle",0.00591287149255103,2038
"ASCC Miscellaneous","SRGENAGS",9373.0565725256,"Natural Gas Combined Cycle",0.00591287149255103,2039
"ASCC Miscellaneous","SRGENAGS",9373.0565725256,"Natural Gas Combined Cycle",0.00591287149255103,2040
"ASCC Miscellaneous","SRGENAGS",9373.0565725256,"Natural Gas Combined Cycle",0.00591287149255103,2041
"ASCC Miscellaneous","SRGENAGS",9373.0565725256,"Natural Gas Combined Cycle",0.00591287149255103,2042
"ASCC Miscellaneous","SRGENAGS",9373.0565725256,"Natural Gas Combined Cycle",0.00591287149255103,2043
"ASCC Miscellaneous","SRGENAGS",9373.0565725256,"Natural Gas Combined Cycle",0.00591287149255103,2044
"ASCC Miscellaneous","SRGENAGS",9373.0565725256,"Natural Gas Combined Cycle",0.00591287149255103,2045
"ASCC Miscellaneous","SRGENAGS",9373.0565725256,"Natural Gas Combined Cycle",0.00591287149255103,2046
"ASCC Miscellaneous","SRGENAGS",9373.0565725256,"Natural Gas Combined Cycle",0.00591287149255103,2047
"ASCC Miscellaneous","SRGENAGS",9373.0565725256,"Natural Gas Combined Cycle",0.00591287149255103,2048
"ASCC Miscellaneous","SRGENAGS",9373.0565725256,"Natural Gas Combined Cycle",0.00591287149255103,2049
"ASCC Miscellaneous","SRGENAGS",9373.0565725256,"Natural Gas Combined Cycle",0.00591287149255103,2050
"ASCC Miscellaneous","SRGENAGS",93292.5724274744,"Natural Gas Conventional",0.0588524125193163,2022
"ASCC Miscellaneous","SRGENAGS",93292.5724274744,"Natural Gas Conventional",0.0588524125193163,2023
"ASCC Miscellaneous","SRGENAGS",93292.5724274744,"Natural Gas Conventional",0.0588524125193163,2024
"ASCC Miscellaneous","SRGENAGS",93292.5724274744,"Natural Gas Conventional",0.0588524125193163,2025
"ASCC Miscellaneous","SRGENAGS",93292.5724274744,"Natural Gas Conventional",0.0588524125193163,2026
"ASCC Miscellaneous","SRGENAGS",93292.5724274744,"Natural Gas Conventional",0.0588524125193163,2027
"ASCC Miscellaneous","SRGENAGS",93292.5724274744,"Natural Gas Conventional",0.0588524125193163,2028
"ASCC Miscellaneous","SRGENAGS",93292.5724274744,"Natural Gas Conventional",0.0588524125193163,2029
"ASCC Miscellaneous","SRGENAGS",93292.5724274744,"Natural Gas Conventional",0.0588524125193163,2030
"ASCC Miscellaneous","SRGENAGS",93292.5724274744,"Natural Gas Conventional",0.0588524125193163,2031
"ASCC Miscellaneous","SRGENAGS",93292.5724274744,"Natural Gas Conventional",0.0588524125193163,2032
"ASCC Miscellaneous","SRGENAGS",93292.5724274744,"Natural Gas Conventional",0.0588524125193163,2033
"ASCC Miscellaneous","SRGENAGS",93292.5724274744,"Natural Gas Conventional",0.0588524125193163,2034
"ASCC Miscellaneous","SRGENAGS",93292.5724274744,"Natural Gas Conventional",0.0588524125193163,2035
"ASCC Miscellaneous","SRGENAGS",93292.5724274744,"Natural Gas Conventional",0.0588524125193163,2036
"ASCC Miscellaneous","SRGENAGS",93292.5724274744,"Natural Gas Conventional",0.0588524125193163,2037
"ASCC Miscellaneous","SRGENAGS",93292.5724274744,"Natural Gas Conventional",0.0588524125193163,2038
"ASCC Miscellaneous","SRGENAGS",93292.5724274744,"Natural Gas Conventional",0.0588524125193163,2039
"ASCC Miscellaneous","SRGENAGS",93292.5724274744,"Natural Gas Conventional",0.0588524125193163,2040
"ASCC Miscellaneous","SRGENAGS",93292.5724274744,"Natural Gas Conventional",0.0588524125193163,2041
"ASCC Miscellaneous","SRGENAGS",93292.5724274744,"Natural Gas Conventional",0.0588524125193163,2042
"ASCC Miscellaneous","SRGENAGS",93292.5724274744,"Natural Gas Conventional",0.0588524125193163,2043
"ASCC Miscellaneous","SRGENAGS",93292.5724274744,"Natural Gas Conventional",0.0588524125193163,2044
"ASCC Miscellaneous","SRGENAGS",93292.5724274744,"Natural Gas Conventional",0.0588524125193163,2045
"ASCC Miscellaneous","SRGENAGS",93292.5724274744,"Natural Gas Conventional",0.0588524125193163,2046
"ASCC Miscellaneous","SRGENAGS",93292.5724274744,"Natural Gas Conventional",0.0588524125193163,2047
"ASCC Miscellaneous","SRGENAGS",93292.5724274744,"Natural Gas Conventional",0.0588524125193163,2048
"ASCC Miscellaneous","SRGENAGS",93292.5724274744,"Natural Gas Conventional",0.0588524125193163,2049
"ASCC Miscellaneous","SRGENAGS",93292.5724274744,"Natural Gas Conventional",0.0588524125193163,2050
